한양대학교 ERICA SW중심대학사업단 SW교육전담교수 채용,20.12.07 ~ 20.12.31
마산대학교 교수 초빙,20.12.07 ~ 20.12.31
서울사이버대학교 전임교원 초빙,20.12.07 ~ 20.12.31
을지대학교 전임교원 초빙,20.12.07 ~ 20.12.31
기초과학연구원 다차원탄소재료연구단 Post-Doc. 및 선임연구원 채용,20.12.07 ~ 20.12.31
대구경북첨단의료산업진흥재단 신약개발지원센터장 후보자 모집,20.12.07 ~ 20.12.31
창원문성대학교 교수 및 강사 초빙,20.12.07 ~ 20.12.31
구미전자정보기술원 원장 초빙,20.12.07 ~ 20.12.31
KDI국제정책대학원 전임교원 초빙,20.12.07 ~ 20.12.31
HK inno.N(舊CJ헬스케어) BIO 연구원 모집 ,20.12.07 ~ 20.12.31
서울과학기술대학교 전기정보기술연구소 전문연구요원(병역특례) 채용,20.12.07 ~ 20.12.31
호남대학교 전임교원 초빙,20.12.07 ~ 20.12.31
한신대학교 교수 초빙,20.12.07 ~ 20.12.31
한국침례신학대학교 전임교원 초빙,20.12.07 ~ 20.12.31
협성대학교 신규 교원 초빙,20.12.07 ~ 20.12.31
KAIST 의과학대학원 차세대 의과학자 펠로우쉽 모집,20.12.07 ~ 20.12.31
원광대학교 2021학년도 1학기 교수 초빙,20.12.07 ~ 20.12.31
경북IT융합산업기술원 연구원 채용,20.12.07 ~ 20.12.31
큐리오칩스 연구개발 R&D Scientist / 연구원 채용,20.12.07 ~ 20.12.31
큐리오칩스 바이오 신입/경력 연구원 채용,20.12.07 ~ 20.12.31
한국복지대학교 교수 초빙,20.12.07 ~ 20.12.31
대원대학교 전임교원 초빙,20.12.07 ~ 20.12.31
삼육대학교 교수 초빙,20.12.07 ~ 20.12.31
2020년도 과학기술분야 정부출연 연구기관 공동 온라인 국내채용설명회 ,20.12.07 ~ 20.12.31
인하대학교 제조혁신전문대학원 전임교원 초빙,20.12.07 ~ 20.12.31
숭실사이버대학교 강사 초빙,20.12.07 ~ 20.12.31
경기대학교 전임교원 초빙,20.12.07 ~ 20.12.31
성신여자대학교 2021학년도 전기 3차 교수 초빙,20.12.07 ~ 20.12.31
광주대학교 교수 초빙 ,20.12.07 ~ 20.12.31
충남테크노파크 직속부서장(바이오센터장) 채용,20.12.07 ~ 20.12.31
충남테크노파크 직속부서장(기업지원단장) 채용,20.12.07 ~ 20.12.31
DGIST 초빙연구교수 공개초빙,20.12.07 ~ 20.12.31
한양대학교 자가에너지구동연구단 전임연구원 모집,20.12.07 ~ 20.12.31
혜전대학교 교수 초빙,20.12.07 ~ 20.12.31
전주기전대학 교원 초빙,20.12.07 ~ 20.12.31
한국성서대학교 성서학과 교수 초빙,20.12.07 ~ 20.12.31
초당대학교 전임교원 초빙,20.12.07 ~ 20.12.31
대구한의대학교 교수 초빙,20.12.07 ~ 20.12.31
POSTECH(포항공과대학교) 교수 초빙,20.12.07 ~ 20.12.31
오송첨단의료산업진흥재단 신약개발지원센터장 모집,20.12.07 ~ 20.12.31
강원도 영월군 도시재생지원센터 계약직원 모집,20.12.07 ~ 20.12.31
전남대학교 의과대학 경력직원 모집,20.12.07 ~ 20.12.31
한국건설기술연구원 Post-Doc. 및 학생연구원 채용,20.12.07 ~ 20.12.31
김해시도시개발공사 임원 모집,20.12.07 ~ 20.12.31
이화여자대학교 수리과학연구소 연구교수 및 Post-Doc. 모집,20.12.07 ~ 20.12.31
강원대학교 기획처 계약직원 모집,20.12.07 ~ 20.12.31
순천향대학교 교육혁신지원팀 계약직원 모집,20.12.07 ~ 20.12.31
연세대학교 K-NIBRT사업단 비전임교원 모집,20.12.07 ~ 20.12.31
인사혁신처 국세청 국세공무원교육원 교수과장 모집,20.12.07 ~ 20.12.31
SK이노베이션 Battery법무 한국변호사 모집,20.12.07 ~ 20.12.31
DGIST 신물질과학전공 작은실험실 Post-Doc. 모집,20.12.07 ~ 20.12.31
현대자동차 전략기획 직원 모집,20.12.07 ~ 20.12.31
한국생명공학연구원 Post-Doc. 모집,20.12.07 ~ 20.12.31
인사혁신처 국토교통부 공항항행정책관 모집,20.12.07 ~ 20.12.31
김천시 감호지구도시재생현장지원센터 계약직원 모집,20.12.07 ~ 20.12.31
한국지식재산보호원 직원 모집,20.12.07 ~ 20.12.31
인사혁신처 교육부 부산대학교 대외교류과장 모집,20.12.07 ~ 20.12.31
국립원예특작과학원 인삼과 기술자문위원 모집,20.12.07 ~ 20.12.31
강원인재육성재단 직원 모집,20.12.07 ~ 20.12.31
순천향대학교 인문학진흥원 계약직원 모집,20.12.07 ~ 20.12.31
남부대학교 기획처 계약직원 모집,20.12.07 ~ 20.12.31
제주특별자치도비정규직근로자지원센터 법률구조교육상담팀 경력직원 모집,20.12.07 ~ 20.12.31
천안시청소년상담복지센터 직원 모집,20.12.07 ~ 20.12.31
동국대학교 자율사물사업단 계약직원 모집,20.12.07 ~ 20.12.31
도로교통공단 이사장 모집,20.12.07 ~ 20.12.31
전북연구원 전문연구원 모집,20.12.07 ~ 20.12.31
한국산업안전보건공단 산업안전보건교육원장 모집,20.12.07 ~ 20.12.31
금천구육아종합지원센터 계약직원 모집,20.12.07 ~ 20.12.31
한독 임상과학실 경력직원 모집,20.12.07 ~ 20.12.31
경기도의료원 의정부병원 정신건강의학과 전문의사 모집,20.12.07 ~ 20.12.31
순천향대학교 공학교육혁신센터 계약직원 모집,20.12.07 ~ 20.12.31
가톨릭대학교 부천성모병원 응급의료센터 전담의사 모집,20.12.07 ~ 20.12.31
근로복지공단 동해병원 직업환경의학과 별정직 의사 모집,20.12.07 ~ 20.12.31
근로복지공단 태백병원 별정직 의사 모집,20.12.07 ~ 20.12.31
가톨릭대학교 산학협력단 계약직원 모집,20.12.07 ~ 20.12.31
대구대학교 LINC+사업단 계약직원 모집,20.12.07 ~ 20.12.31
한양사이버대학교 차세대시스템사업단 계약직원 모집,20.12.07 ~ 20.12.31
근로복지공단 태백병원 외과 별정직 의사 모집,20.12.07 ~ 20.12.31
동아대학교 4차 산업혁명 혁신선도대학 사업단 전담연구원 모집,20.12.07 ~ 20.12.31
동국대학교 4단계 BK21사업 연구초빙교수 모집,20.12.07 ~ 20.12.31
동주대학교 강사 모집 (6차),20.12.07 ~ 20.12.31
영남신학대학교 기탁석좌 전임교원 초빙,20.12.07 ~ 20.12.31
서울대학교병원 약제부 약사 모집,20.12.07 ~ 20.12.31
사이버한국외국어대학교 강사 모집,20.12.07 ~ 20.12.31
사이버한국외국어대학교 겸임교원 및 객원교수 모집,20.12.07 ~ 20.12.31
공주교육대학교 강사 모집 (4차),20.12.07 ~ 20.12.31
서울대학교 자연과학대학 기초과학연구원 계약직원 모집,20.12.07 ~ 20.12.31
오스템임플란트 직원 모집,20.12.07 ~ 20.12.31
화성시보건소 동부보건지소 업무대행 의사 모집,20.12.07 ~ 20.12.31
서울대학교 산학협력단 변리사 모집,20.12.07 ~ 20.12.31
전북대학교 BK21 혁신인재양성사업단 직원 모집,20.12.07 ~ 20.12.31
한국해양대학교 대외협력과 홍보실 계약직원 모집,20.12.07 ~ 20.12.31
공주대학교 직원 모집,20.12.07 ~ 20.12.31
서원대학교 산학협력단 직원 모집,20.12.07 ~ 20.12.31
전주시육아종합지원센터 계약직원 모집,20.12.07 ~ 20.12.31
계명대학교 동산의료원 기초교수요원 및 연구강사 모집,20.12.07 ~ 20.12.31
성균관대학교 화학공학과 Post-Doc. 모집,20.12.07 ~ 20.12.31
세종대학교 미래교육원 강사 모집,20.12.07 ~ 20.12.31
전남대학교 로봇연구소 전문연구요원 모집,20.12.07 ~ 20.12.31
차세대융합기술연구원 연구원 모집,20.12.07 ~ 20.12.31
차세대융합기술연구원 경기도자율주행센터 계약직원 모집,20.12.07 ~ 20.12.31
인천대학교 생명공학부 나노바이오전공 단분자세포역학실험실 Post-Doc./연구교수 모집,20.12.07 ~ 20.12.31
경상대학교 약학대학 Post-Doc. 모집,20.12.07 ~ 20.12.31
심네트 국방 M&S 연구분석관 모집,20.12.07 ~ 20.12.31
고려대학교 BK21 Post-Doc. 모집,20.12.07 ~ 20.12.31
유빅스테라퓨틱스 바이오연구소 연구원 모집,20.12.07 ~ 20.12.31
전남대학교 광전자융합기술연구소 Post-Doc. 모집,20.12.07 ~ 20.12.31
고려대학교 의과대학 예방의학교실 연구원 모집,20.12.07 ~ 20.12.31
고려대학교 세종캠퍼스 약학대학 약물대사/약동학연구실 Post-Doc. 모집,20.12.07 ~ 20.12.31
강원대학교 식품생명공학과 식품미생물안전성연구실 Post-Doc. 모집,20.12.07 ~ 20.12.31
대전대학교 안보군사연구원 연구원 모집,20.12.07 ~ 20.12.31
한양대학교 ERICA캠퍼스 지속가능스마트시티연구센터 BK21 FOUR 연구교수/Post-Doc. 모집,20.12.07 ~ 20.12.31
University of New Mexico Research technician/Cancer-mechanobiology lab,20.12.07 ~ 20.12.31
호남신학대학교 교수 초빙,20.12.07 ~ 20.12.31
한국전통문화대학교 강사 및 겸임교원/초빙교원 모집,20.12.07 ~ 20.12.31
SK텔레콤 전략제휴담당 통번역 계약직원 모집,20.12.07 ~ 20.12.31
한국노동조합총연맹 사업지원본부 직원 모집,20.12.07 ~ 20.12.31
아주대학교 기초과학연구소 행정연구원 모집,20.12.07 ~ 20.12.31
고려대학교 의료원 연구전략본부 교류협력팀 파견 연구교수 모집,20.12.07 ~ 20.12.31
일동바이오사이언스 연구원 모집,20.12.07 ~ 20.12.31
대상 사업소재총괄 회수/정제 경력직원 모집,20.12.07 ~ 20.12.31
단국대학교 기획실 평가혁신팀 계약직원 모집,20.12.07 ~ 20.12.31
조선대학교 계약직원 모집,20.12.07 ~ 20.12.31
충청남도경제진흥원 계약직원 모집,20.12.07 ~ 20.12.31
부산대학교 광메카트로닉스연구소 Post-Doc. 및 연구원 모집,20.12.07 ~ 20.12.31
전북지방중소벤처기업청 비즈니스지원단 전문상담위원 모집,20.12.07 ~ 20.12.31
한국광물자원공사 사장 모집,20.12.07 ~ 20.12.31
GIST 에너지융합대학원 전력전자연구실 계약직 연구원 모집,20.12.07 ~ 20.12.31
충북도립대학교 원격교육지원센터 계약직 연구원 모집,20.12.07 ~ 20.12.31
김포시 보건소 지방시간선택제임기제공무원 모집,20.12.07 ~ 20.12.31
국토연구원 위촉연구원 모집,20.12.07 ~ 20.12.31
강원남부해바라기센터 계약직원 모집,20.12.07 ~ 20.12.31
한국전자기술연구원 계약직 연구원 모집,20.12.07 ~ 20.12.31
부산문화회관 직원 모집,20.12.07 ~ 20.12.31
한국국제문화교류진흥원 계약직원 모집,20.12.07 ~ 20.12.31
인천광역시서구시설관리공단 상임이사 모집,20.12.07 ~ 20.12.31
한국해양수산연구원 연구원 모집,20.12.07 ~ 20.12.31
제주대학교 대학원 4단계 BK21 계약직원 모집,20.12.07 ~ 20.12.31
부산대학교 미생물학과 미생물항생제어실험실 Post-Doc. 모집,20.12.07 ~ 20.12.31
굿네이버스 탄자니아사무소 계약직원 모집,20.12.07 ~ 20.12.31
광주광역시남구청소년상담복지센터 직원 모집,20.12.07 ~ 20.12.31
한국스포츠정책과학원 초빙연구원 모집,20.12.07 ~ 20.12.31
전남대학교병원 이비인후과학교실 청각및신경이과연구실 연구원 모집,20.12.07 ~ 20.12.31
GC녹십자지놈 유전체연구소 직원 모집,20.12.07 ~ 20.12.31
세종사이버대학교 한국어학과 한국어학과 조교 모집,20.12.07 ~ 20.12.31
한국기초과학지원연구원 국가연구시설장비진흥센터장 모집,20.12.07 ~ 20.12.31
마크로젠 임상분석 직원 모집,20.12.07 ~ 20.12.31
마크로젠 임상서비스 직원 모집,20.12.07 ~ 20.12.31
보험개발원 직원 모집,20.12.07 ~ 20.12.31
명지대학교 대학교육혁신원 연구원 모집,20.12.07 ~ 20.12.31
이화여자대학교 이화리더십개발원 연구원 모집,20.12.07 ~ 20.12.31
부산교통공사 임원 모집,20.12.07 ~ 20.12.31
하나금융투자 경력직원 모집,20.12.07 ~ 20.12.31
GIST 뇌나노로봇연구센터 위촉연구원 모집,20.12.07 ~ 20.12.31
국립암센터 구조생물학전공 Post-Doc. 모집,20.12.07 ~ 20.12.31
현대자동차 경영혁신 직원 모집,20.12.07 ~ 20.12.31
부산영어방송재단 대표이사 모집,20.12.07 ~ 20.12.31
서울대학교 인문대학 강사 모집 (2차),20.12.07 ~ 20.12.31
신안산대학교 강사 모집,20.12.07 ~ 20.12.31
웰펩 경력직원 모집,20.12.07 ~ 20.12.31
과학기술정보통신부 스페이스 파이오니어사업 사업단장 모집,20.12.07 ~ 20.12.31
아주대학교 정보통신대학교학팀 소프트웨어학과 조교 모집,20.12.07 ~ 20.12.31
서울대학교 농업생명과학대학 바이오시스템공학과 강사 모집 (2차),20.12.07 ~ 20.12.31
시흥시육아종합지원센터 직원 모집,20.12.07 ~ 20.12.31
충북대학교병원 원장 초빙,20.12.07 ~ 20.12.31
호서대학교 교육혁신처 대학혁신지원사업 전임연구원 모집,20.12.07 ~ 20.12.31
LG MMA R&D 경력직원 모집,20.12.07 ~ 20.12.31
을지대학교 의정부캠퍼스 계약직원 및 조교 모집,20.12.07 ~ 20.12.31
휴젤 직원 모집,20.12.07 ~ 20.12.31
서울대학교 농업생명과학대학 농생명공학부 강사 모집 (2차),20.12.07 ~ 20.12.31
분당서울대학교병원 마취통증의학과 진료교수요원 모집,20.12.07 ~ 20.12.31
LG디스플레이 Audio Speaker 사업분야 경력직원 모집,20.12.07 ~ 20.12.31
녹색에너지연구원 원장 초빙,20.12.07 ~ 20.12.31
충청북도단양관광관리공단 이사장 모집,20.12.07 ~ 20.12.31
분당서울대학교병원 직원 모집,20.12.07 ~ 20.12.31
성균관대학교 ICT명품인재양성사업단 직원 모집,20.12.07 ~ 20.12.31
현대자동차 브랜드디자인 직원 모집,20.12.07 ~ 20.12.31
국제방송교류재단 사장 모집,20.12.07 ~ 20.12.31
호서대학교 LMS지원센터 계약직원 모집,20.12.07 ~ 20.12.31
울산대학교 아산융합의학원 Post-Doc. 모집,20.12.07 ~ 20.12.31
양평군청소년상담복지센터 직원 모집,20.12.07 ~ 20.12.31
고려대학교 법학전문대학원 비전임교원 모집,20.12.07 ~ 20.12.31
오산시 지방임기제공무원 모집,20.12.07 ~ 20.12.31
한국기업데이터 직원 모집,20.12.07 ~ 20.12.31
전북대학교 혁신교육개발원 계약직원 모집,20.12.07 ~ 20.12.31
서울올림픽기념국민체육진흥공단 이사장 모집,20.12.07 ~ 20.12.31
전주대학교 겸임교수 모집,20.12.07 ~ 20.12.31
연세대학교 직원 모집,20.12.07 ~ 20.12.31
굿네이버스 해외파견 직원 모집,20.12.07 ~ 20.12.31
한국토지주택공사 LH형 건축전문 직원 모집,20.12.07 ~ 20.12.31
서정대학교 학생생활상담센터 계약직원 모집,20.12.07 ~ 20.12.31
성균관대학교 학생성공센터행정실 촉탁직 연구원 모집,20.12.07 ~ 20.12.31
서울시립대학교 환경공학부 연구교수 모집,20.12.07 ~ 20.12.31
NH농협은행 영주축산농협 수의사 모집,20.12.07 ~ 20.12.31
근로복지공단 자문변호사 모집,20.12.07 ~ 20.12.31
부산대학교 대학원정책실 전임연구원 모집,20.12.07 ~ 20.12.31
한국문화관광연구원 지역관광연구실 위촉연구원 모집,20.12.07 ~ 20.12.31
한국문화관광연구원 관광산업연구실 위촉연구원 모집,20.12.07 ~ 20.12.31
마크로젠 각 부문별 직원 모집,20.12.07 ~ 20.12.31
가톨릭대학교 성의교정 스마트생체재료연구실 연구원 모집,20.12.07 ~ 20.12.31
한독 생산/품질/제조관리 약사 모집,20.12.07 ~ 20.12.31
식품의약품안전평가원 생약연구과 전문연구원 모집,20.12.07 ~ 20.12.31
경인교육대학교 특수(통합)교육학과 조교 모집,20.12.07 ~ 20.12.31
식품의약품안전처 현지실사과 계약직원 모집,20.12.07 ~ 20.12.31
한독 제품개발연구실 분석연구원 모집,20.12.07 ~ 20.12.31
한양대학교 ERICA캠퍼스 글로벌인재양성사업단 벨기에 파견연구원 모집,20.12.07 ~ 20.12.31
성균관대학교 SKK GSB행정실 계약직원 모집,20.12.07 ~ 20.12.31
계명대학교 공학교육혁신센터 계약직원 모집,20.12.07 ~ 20.12.31
부산가톨릭대학교 비전임교원 모집,20.12.07 ~ 20.12.31
고려대학교 데이터과학원 비전임교원 모집,20.12.07 ~ 20.12.31
이화여자대학교 의료원 첨단의생명연구원 교수 모집,20.12.07 ~ 20.12.31
차의과학대학교 취·창업지원센터 계약직원 모집,20.12.07 ~ 20.12.31
중앙대학교 다빈치학습혁신원 데이터기반교육혁신센터 전문연구원 모집,20.12.07 ~ 20.12.31
미원상사 연구개발 직원 모집,20.12.07 ~ 20.12.31
건국대학교 홍보실 계약직원 모집,20.12.07 ~ 20.12.31
동서대학교 실험실창업지원센터 계약직원 모집,20.12.07 ~ 20.12.31
충남대학교 대학일자리센터 계약직원 모집,20.12.07 ~ 20.12.31
경남정보대학교 미디어제작담당 직원 모집,20.12.07 ~ 20.12.31
전주대학교 강사 모집,20.12.07 ~ 20.12.31
서울대학교 의과대학 이종욱글로벌의학센터 연구원 모집,20.12.07 ~ 20.12.31
한국부동산개발협회 정책팀 정책 개발/연구 직원 모집,20.12.07 ~ 20.12.31
세종상공회의소 세종지역인적자원개발위원회 인력양성팀 직원 모집,20.12.07 ~ 20.12.31
경희대학교 의과대학 예방의학교실 연구원 모집,20.12.07 ~ 20.12.31
드림스쿨 강사 모집,20.12.07 ~ 20.12.31
건설기계부품연구원 직원 모집,20.12.07 ~ 20.12.31
연세대학교 글로벌인재대학 강사 모집,20.12.07 ~ 20.12.31
쓰리에치솔루션 쓰리에치솔루션 연구개발전담부서 연구원 모집,20.12.07 ~ 20.12.31
제주특별자치도 서귀포의료원 이사 모집,20.12.07 ~ 20.12.31
태준제약 품질관리팀 직원 모집,20.12.07 ~ 20.12.31
한양대학교 공과대학 건축학부 초빙교원 모집,20.12.07 ~ 20.12.31
브렉소젠 기업부설연구소 연구원 모집,20.12.07 ~ 20.12.31
연세대학교 정보대학원 비전임교원 모집,20.12.07 ~ 20.12.31
동서대학교 산학협력단 R-WeSET사업단 계약직원 모집,20.12.07 ~ 20.12.31
티맥스소프트 TmaxGroup/R&D R&D 개발 리더급 연구원 모집,20.12.07 ~ 20.12.31
한서대학교 환경연구소 연구교수 모집,20.12.07 ~ 20.12.31
KAIST 신소재공학과 시간제위촉연구원 모집,20.12.07 ~ 20.12.31
한독 신약바이오연구실 연구원 모집,20.12.07 ~ 20.12.31
강원도 인제군 보건소장 모집,20.12.07 ~ 20.12.31
GIST 차세대에너지연구소 연구원 모집,20.12.07 ~ 20.12.31
인사혁신처 국민권익위원회 법무담당관 모집,20.12.07 ~ 20.12.31
서울과학기술대학교 직원 모집,20.12.07 ~ 20.12.31
신용회복위원회 변호사 모집,20.12.07 ~ 20.12.31
전주정보문화산업진흥원 직원 모집,20.12.07 ~ 20.12.31
한국산업단지공단 감사실장 모집,20.12.07 ~ 20.12.31
고려대학교 교수학습개발원 e-Learning지원팀 계약직원 모집,20.12.07 ~ 20.12.31
GIST 전기전자컴퓨터공학부 위촉연구원 모집,20.12.07 ~ 20.12.31
국립한글박물관 전시운영과 계약직원 모집,20.12.07 ~ 20.12.31
기초과학연구원 첨단연성물질연구단 선임연구원 모집,20.12.07 ~ 20.12.31
GIST 실험동물자원센터 위촉연구원 모집,20.12.07 ~ 20.12.31
포항시 도시재생현장지원센터 직원 모집,20.12.07 ~ 20.12.31
인천광역시 서구 기획예산실 지방일반임기제 변호사 모집,20.12.07 ~ 20.12.31
인사혁신처 국세청 국세청주류면허지원센터장 모집,20.12.07 ~ 20.12.31
인하대학교 운동대사연구실 Post-Doc. 모집,20.12.07 ~ 20.12.31
충북과학기술혁신원 직원 모집,20.12.07 ~ 20.12.31
삼진제약 직원 모집,20.12.07 ~ 20.12.31
GIST 홍보팀 직원 모집,20.12.07 ~ 20.12.31
한국희귀·필수의약품센터 직원 모집,20.12.07 ~ 20.12.31
티맥스소프트 TmaxBI/컨설팅 ERP/CRM 컨설팅 경력직원 모집,20.12.07 ~ 20.12.31
충북대학교 약품생화학교실 Post-Doc./초빙교수 모집,20.12.07 ~ 20.12.31
인사혁신처 교육부 강원대학교 사무국장 모집,20.12.07 ~ 20.12.31
한국지식재산보호원 전문위원 모집,20.12.07 ~ 20.12.31
GIST 교육혁신센터 직원 모집,20.12.07 ~ 20.12.31
코오롱제약 경력직원 모집,20.12.07 ~ 20.12.31
인사혁신처 고문변호사 모집,20.12.07 ~ 20.12.31
차의과학대학교 유전자가위전공 연구원 모집,20.12.07 ~ 20.12.31
목포대학교 계약직 선임연구원 모집,20.12.07 ~ 20.12.31
한국원자력의학원 영상의학과 초빙의사 모집,20.12.07 ~ 20.12.31
인사혁신처 고용노동부 경북지방노동위원회 사무국장 모집,20.12.07 ~ 20.12.31
KAIST 건설및환경공학과 윤윤진교수연구실 연구교원 모집,20.12.07 ~ 20.12.31
낙동강유역환경청 낙동강수계관리위원회 전문위원 모집,20.12.07 ~ 20.12.31
KAIST 신소재공학과 Post-Doc. 모집,20.12.07 ~ 20.12.31
노벨티노빌리티 연구원 모집,20.12.07 ~ 20.12.31
KAIST 화학과 4단계 BK21사업 Post-Doc. 모집 ,20.12.07 ~ 20.12.31
농림축산검역본부 구제역백신연구센터 전문연구원 모집,20.12.07 ~ 20.12.31
동국대학교 교육혁신처 역량개발센터 계약직원 모집,20.12.07 ~ 20.12.31
LG유플러스 공정거래법무팀 경력직 변호사 모집,20.12.07 ~ 20.12.31
한국전력기술 비상임이사 모집,20.12.07 ~ 20.12.31
SK바이오사이언스 Bio R&D 직원 모집,20.12.07 ~ 20.12.31
티맥스소프트 TmaxBI/컨설팅 빅데이터 플랫폼 Data Analyst 경력직원 모집,20.12.07 ~ 20.12.31
수협사료 대표이사 모집,20.12.07 ~ 20.12.31
현대자동차 Computer Vision 연구원 모집,20.12.07 ~ 20.12.31
제주대학교 생명과학기술혁신센터 연구원 모집,20.12.07 ~ 20.12.31
한국환경정책·평가연구원 기후대기안전연구본부 초빙연구원 모집,20.12.07 ~ 20.12.31
목포대학교 조기취업형계약학과사업단 산학협력중점교수/학술연구교수 모집,20.12.07 ~ 20.12.31
KAIST 글로벌IT기술대학원프로그램 위촉연구원 모집,20.12.07 ~ 20.12.31
서울특별시 서울협치담당관 시간선택제임기제공무원 모집,20.12.07 ~ 20.12.31
경기평택항만공사 직원 모집,20.12.07 ~ 20.12.31
법원행정처 전문임기제공무원 모집,20.12.07 ~ 20.12.31
우석대학교 사이버평생교육원 직원 모집,20.12.07 ~ 20.12.31
차의과학대학교 면역학/면역세포치료전공 연구교수 모집,20.12.07 ~ 20.12.31
티맥스소프트 TmaxGroup/R&D R&D 개발 연구원 모집,20.12.07 ~ 20.12.31
성균관대학교 대동문화연구원 권역별거점연구소협동번역사업팀 한문고전 번역 연구원 모집,20.12.07 ~ 20.12.31
현대자동차 AIRS 컴퍼니 기술전략/기획 직원 모집,20.12.07 ~ 20.12.31
한독 신약바이오연구실 선임연구원 모집,20.12.07 ~ 20.12.31
충청북도청소년종합진흥원 청소년상담복지센터 직원 모집,20.12.07 ~ 20.12.31
비타민하우스 연구원 모집,20.12.07 ~ 20.12.31
LG유플러스 소송/해외법무팀 변호사 모집,20.12.07 ~ 20.12.31
고려대학교 공학대학원 건축사회환경공학과 비전임교원 모집,20.12.07 ~ 20.12.31
부산보훈병원 정신건강의학과 전문의 모집,20.12.07 ~ 20.12.31
김해도시재생지원센터 연구기획팀 팀장 모집,20.12.07 ~ 20.12.31
고려대학교 연구윤리센터 계약직원 모집,20.12.07 ~ 20.12.31
거창문화재단 임원 모집,20.12.07 ~ 20.12.31
인제대학교 의과대학 생화학교실 조교 모집,20.12.07 ~ 20.12.31
인사혁신처 국세청 학자금상환과장 모집,20.12.07 ~ 20.12.31
군인공제회 이사장 모집,20.12.07 ~ 20.12.31
KAIST 에너지변환및저장재료연구실 Post-Doc. 모집,20.12.07 ~ 20.12.31
전라북도 남원의료원 순환기내과 의사직 모집,20.12.07 ~ 20.12.31
경기도 평화협력국장/소통협치국장/노동정책과장 모집,20.12.07 ~ 20.12.31
우정사업본부 대전우체국장 모집,20.12.07 ~ 20.12.31
차의과학대학교 유전자가위전공 연구교수 모집,20.12.07 ~ 20.12.31
서강대학교 경제학부 비전임교원 모집,20.12.07 ~ 20.12.31
강릉시어린이급식관리지원센터 노인급식팀 계약직원 모집,20.12.07 ~ 20.12.31
국방대학교 순환직 교수 모집,20.12.07 ~ 20.12.31
구리도시공사 본부장 모집,20.12.07 ~ 20.12.31
고려대학교 의과대학 의학통계학교실 연구교수 모집,20.12.07 ~ 20.12.31
입자와물질의 양자특성교육연구단 계약교수 및 Post-Doc. 모집,20.12.07 ~ 20.12.31
이화여자대학교 의과대학 염증-암미세환경연구센터 Post-Doc. 모집,20.12.07 ~ 20.12.31
가천대학교 LINC+사업단 계약직원 모집,20.12.07 ~ 20.12.31
울산광역시교육청 고문변호사 모집,20.12.07 ~ 20.12.31
대전세종연구원 위촉연구원 모집,20.12.07 ~ 20.12.31
호서대학교 직원 모집,20.12.07 ~ 20.12.31
POSTECH 전자전기공학과 강사 모집,20.12.07 ~ 20.12.31
세종문화회관 서울시합창단·소년소녀합창단 및 서울시국악관현악단·청소년국악단 단장 모집,20.12.07 ~ 20.12.31
광주남구로컬푸드센터 임원 모집,20.12.07 ~ 20.12.31
방위사업청 기반전력사업본부장 모집,20.12.07 ~ 20.12.31
울산문화재단 임원 모집,20.12.07 ~ 20.12.31
경기농식품유통진흥원 계약직원 모집,20.12.07 ~ 20.12.31
용인문화재단 직원 모집,20.12.07 ~ 20.12.31
KBS미디어 경력직원 모집,20.12.07 ~ 20.12.31
은평구건강가정·다문화가족지원센터 직원 모집,20.12.07 ~ 20.12.31
한국국제협력단 홍보 전문가 모집,20.12.07 ~ 20.12.31
부산대학교 산학협력단 계약직원 모집,20.12.07 ~ 20.12.31
계명대학교 계명휴스타인재원 행정팀 계약직원 모집,20.12.07 ~ 20.12.31
서울지방식품의약품안전청 심사관 모집,20.12.07 ~ 20.12.31
농촌진흥청 전문연구원 모집,20.12.07 ~ 20.12.31
용인시축구센터 비상임이사 모집,20.12.07 ~ 20.12.31
전남대학교 화학공학부 광주·전남지역혁신플랫폼 연구원 모집,20.12.07 ~ 20.12.31
한양사이버대학교 산학협력팀 계약직원 모집,20.12.07 ~ 20.12.31
덕성여자대학교 산학협력단 계약직원 모집,20.12.07 ~ 20.12.31
동국대학교 의료원 의학계열 전임교원 초빙,20.12.07 ~ 20.12.31
부산외국어대학교 계약직원 모집,20.12.07 ~ 20.12.31
성균관대학교 정보통신소자연구실 Post-Doc. 모집,20.12.07 ~ 20.12.31
상명대학교 천안캠퍼스 총무회계팀 계약직원 모집,20.12.07 ~ 20.12.31
세명대학교 직원 모집,20.12.07 ~ 20.12.31
중앙대학교 산학협력단 계약직원 모집,20.12.07 ~ 20.12.31
계명대학교 계약직원 모집,20.12.07 ~ 20.12.31
강원대학교 지구자원연구소 연구교수 모집,20.12.07 ~ 20.12.31
중앙대학교 산학협력단 직원 모집,20.12.07 ~ 20.12.31
한국해양대학교 교육혁신원 계약직원 모집,20.12.07 ~ 20.12.31
호남대학교 광주전남지역혁신플랫폼사업단 직원 모집,20.12.07 ~ 20.12.31
동양대학교 계약직원 모집,20.12.07 ~ 20.12.31
식품의약품안전처 사이버조사단 정책연구원 모집,20.12.07 ~ 20.12.31
