"마이크로소프트 서피스북3 노트북 플래티넘 SLZ-00019 (i7-1065G7 39cm WIN10 Home GTX 1660) + 탐탁 ACC 파우치, 포함, SSD 256GB, 16GB",2960000.0,(2),https://www.coupang.com/vp/products/1787113101?itemId=3042673806&vendorItemId=71030721116&sourceType=srp_product_ads
"레노버 노트북 블루 ideapad Slim1-14IGL05 (셀러론 N4020 35.6cm WIN10 S), 포함, eMMC 64GB, 4GB",279000.0,(7),https://www.coupang.com/vp/products/2238670081?itemId=3823492859&vendorItemId=71808364639
"LG전자 울트라PC 노트북 15U40N-GR36K (라이젠3-4300U 39.6cm WIN10 Home), 포함, NVMe 256GB, 8GB",788120.0,(28),https://www.coupang.com/vp/products/1999180686?itemId=3402491499&vendorItemId=71389114523
"아이뮤즈 스톰북 15프로 (m3-6y30 39.6cm WIN미포함 8GB eMMC 64GB HD515), StormBook15 PRO, 로즈골드",454770.0,(24),https://www.coupang.com/vp/products/344917504?itemId=1095474331&vendorItemId=5615435101
"삼성전자 NT550P7C 17.3인치 대화면 3세대i5 램16G SSD 256G 윈도우10 완벽 가성비노트북, 16GB, SSD 256GB",399000.0,(1),https://www.coupang.com/vp/products/4361337207?itemId=5129446804&vendorItemId=72438867720&sourceType=srp_product_ads
"삼성전자 노트북 퓨어 화이트 NT350XCR-AD5WA-X16G (i5-10210U 39.6cm) + 무선 마우스 + 마우스패드 + 삼성에듀 강의 1년 수강권, 미포함, NVMe 256GB, 16GB",889000.0,(35),https://www.coupang.com/vp/products/1941837559?itemId=3296640474&vendorItemId=71283580310
"삼성전자 노트북7 NT750XBV-A39A 플래티넘 티탄 (i3-8145U 39.6cm), NVMe 256GB, 8GB, WIN10 Home",1078000.0,(95),https://www.coupang.com/vp/products/1665252325?itemId=1050816470&vendorItemId=5517340866&sourceType=srp_product_ads
"LG전자 2020 울트라 PC 노트북 15U50N-GR36K 화이트 (i3-10110U 39.6cm), SSD 128GB, 8GB, WIN10 Home",838000.0,(9),https://www.coupang.com/vp/products/1605327974?itemId=2741779741&vendorItemId=70731827145
"레노버 Flex 5 노트북 14ARE R3 W10S (라이젠3-4300U 35.5cm WIN10 S Radeon Graphics), 포함, NVMe 128GB, 8GB",699000.0,(21),https://www.coupang.com/vp/products/1734222912?itemId=2952308729&vendorItemId=70940828658
"삼성전자 Flash 노트북 NT530XBB-K24CS (펜티엄 소프트 코랄 N5000 33.7cm), SSD 128GB, 4GB, WIN10 Home",679000.0,(30),https://www.coupang.com/vp/products/1343396630?itemId=2479485490&vendorItemId=70366810842
"삼성전자 노트북 플러스 퓨어화이트 NT550XCR-AD1WA (셀러론-5205U 39.6cm), 미포함, NVMe 128GB, 8GB",549000.0,(7),https://www.coupang.com/vp/products/1899583329?itemId=3226762834&vendorItemId=71214002886
"Apple 2020 맥북 에어 13, Silver, 10세대 i3-1.1GHz dual-core, SSD 256GB, 8GB",1320000.0,(868),https://www.coupang.com/vp/products/1395425733?itemId=2430730738&vendorItemId=70424683912&pickType=COU_PICK
"LG전자 울트라PC 노트북 15U40N-GR56K (라이젠5-4500U 39.6cm WIN10 Home), 포함, NVMe 256GB, 8GB",998990.0,(49),https://www.coupang.com/vp/products/2001200936?itemId=3405196420&vendorItemId=71391804182
"LG전자 울트라북 노트북 15UD590-KX70K (i7-8565U 39.62cm MX150), SDD 256GB, 8GB, Free DOS",1035840.0,(23),https://www.coupang.com/vp/products/1662980416?itemId=691205203&vendorItemId=4899901282
"삼성전자 노트북 플러스 NT550XCJ-K78WA 퓨어 화이트 (i7-10510U 39.6cm), NVMe 256GB, 8GB + 8GB, WIN10 Home",1379000.0,(305),https://www.coupang.com/vp/products/1459817856?itemId=2511843147&vendorItemId=70504880374
"LG전자 6세대 코어i5 윈10탑재 LG 그램 14Z960 화이트, 4GB, SSD 256GB, 포함",789000.0,(6),https://www.coupang.com/vp/products/2239089587?itemId=3824288421&vendorItemId=71809156405
"레노버 Flex 5 노트북 Platinum Grey 14ARE R5 W10 (라이젠5-4500U 35.5cm WIN10 Home Radeon Graphics), 포함, NVMe 256GB, 8GB",829000.0,(6),https://www.coupang.com/vp/products/1734223022?itemId=2952308873&vendorItemId=70940828745
"LG그램 13Z940 화이트 4세대i5 램8G SSD128G 정품 윈도우10 업그레이드, i5-4200U/8G/SSD128G/윈도우10",459000.0,(6),https://www.coupang.com/vp/products/2046301450?itemId=3478831858&vendorItemId=71465140447
"LG전자 울트라PC 노트북 14U390-ME2TK (펜티엄 N500 35.5cm WIN 10 S모드) + 마인크래프트 스타터 콜렉션, 포함, eMMC 64GB, 4GB",478130.0,(7),https://www.coupang.com/vp/products/1919542472?itemId=3259240186&vendorItemId=71246299850
"MSI 노트북 Modern 14 B4MW-R7 (라이젠7-4700U 35.5cm), 미포함, NVMe 256GB, 8GB",759000.0,(9),https://www.coupang.com/vp/products/1910444982?itemId=3243656309&vendorItemId=71230838074
"레노버 아이디어패드 노트북 Platinum Grey S150-11 81VT (Intel Celeron N4020 29.5cm WIN10 Home S), 포함, eMMC 64GB, 4GB",279000.0,(36),https://www.coupang.com/vp/products/1547994015?itemId=2649830784&vendorItemId=70640681587
"레노버 아이디어패드 노트북 Ice Blue S150-11 81VT (Intel Celeron N4020 29.5cm WIN10 Home S), 포함, eMMC 64GB, 4GB",279000.0,(16),https://www.coupang.com/vp/products/1547994000?itemId=2649830769&vendorItemId=70640681612
"삼성전자 NT550P7C 17.3인치 대화면 3세대i5 램16G SSD 256G 윈도우10 완벽 가성비노트북, 16GB, SSD 256GB",399000.0,(1),https://www.coupang.com/vp/products/4361337207?itemId=5129446804&vendorItemId=72438867720
"LG전자 2020년 울트라PC 노트북 13UD50N-GX50K (i5-10210U 33.7cm), NVMe 256GB, 8GB, Free DOS",759940.0,(5),https://www.coupang.com/vp/products/1602724232?itemId=2737453914&vendorItemId=70727525471
"LG전자 2019 그램15 노트북 15ZD990-LX10K (팬티엄 5405U 39.6cm), SSD 128GB, 4GB, Free DOS",999000.0,(18),https://www.coupang.com/vp/products/298202794?itemId=939058781&vendorItemId=5324099851
"LG전자 울트라 PC 노트북 17U790-GA36K (i3-8145U 43.1cm), SSD 128GB, 8GB, WIN10 Home",1036670.0,(9),https://www.coupang.com/vp/products/344981488?itemId=1072862209&vendorItemId=5628801009
"삼성전자 노트북7 Force NT760XBV-G58A (i5-8265U 39.6cm GTX1650), NVMe 256GB, 8GB, Linux",1269000.0,(60),https://www.coupang.com/vp/products/242636932?itemId=2098714469&vendorItemId=70097614784
"레노버 노트북 Black ThinkPad E14-20T6S04X00(라이젠5-4500U 35.56cm), 미포함, NVMe 256GB, 8GB",629000.0,(2),https://www.coupang.com/vp/products/2111959220?itemId=3587435759&vendorItemId=71573227488
"HP 프로 노트북 455 G7-3E758AV (라이젠3-4300U 39.6cm WIN10 Home), 포함, NVMe 128GB, 8GB",659000.0,(1),https://www.coupang.com/vp/products/2284615156?itemId=3926643477&vendorItemId=71911163117
"에이수스 노트북 블랙 S533FL-BQ503 (i5-10210U 39.62cm MX250), 미포함, 512GB SSD, 8GB",798980.0,(7),https://www.coupang.com/vp/products/1690262453?itemId=2878463185&vendorItemId=70867591363
"삼성전자 갤럭시북 S Wi-Fi 노트북 얼씨 골드 NT767XCM-K38 (i3-L13G4 33.7cm WIN10 Home), 포함, eUFS 256GB, 8GB",1097000.0,(4),https://www.coupang.com/vp/products/2159114460?itemId=3667662413&vendorItemId=71653071450
"LG전자 울트라PC 13U50N-GR56K (i5-10210U 33.7cm WIN10 UHD graphics), 포함, SSD 256GB, 8GB",859000.0,(9),https://www.coupang.com/vp/products/1383141072?itemId=2417655164&vendorItemId=70411889853
"삼성전자 노트북9 METAL NT901X5L 가볍고 슬림한 1.29kg 코어i5 SSD2562GB 윈10 탑재, 8GB, SSD 256GB, 포함",699000.0,(1),https://www.coupang.com/vp/products/4368907108?itemId=5147093216&vendorItemId=72456426781
"삼성전자 NT550P7C 17.3인치 대화면 3세대i5 램16G SSD 256G 윈도우10 완벽 가성비노트북, 16GB, SSD 256GB",399000.0,(1),https://www.coupang.com/vp/products/4361337207?itemId=5129446804&vendorItemId=72438867720&sourceType=srp_product_ads
"레노버 노트북 블루 ideapad Slim1-14IGL05 (셀러론 N4020 35.6cm WIN10 S), 포함, eMMC 64GB, 4GB",279000.0,(7),https://www.coupang.com/vp/products/2238670081?itemId=3823492859&vendorItemId=71808364639
"LG전자 울트라PC 노트북 15U40N-GR36K (라이젠3-4300U 39.6cm WIN10 Home), 포함, NVMe 256GB, 8GB",788120.0,(28),https://www.coupang.com/vp/products/1999180686?itemId=3402491499&vendorItemId=71389114523
"아이뮤즈 스톰북 15프로 (m3-6y30 39.6cm WIN미포함 8GB eMMC 64GB HD515), StormBook15 PRO, 로즈골드",454770.0,(24),https://www.coupang.com/vp/products/344917504?itemId=1095474331&vendorItemId=5615435101
"레이저 BLADE Pro 17 게이밍 노트북 9Gen R80 512 Lite (i7-9750H 43.94cm WIN10 Home RTX2080 Max-Q), 포함, NVMe 512GB, 16GB",2990000.0,(7),https://www.coupang.com/vp/products/2069223729?itemId=3515878868&vendorItemId=71502003232&sourceType=srp_product_ads
"삼성전자 노트북 퓨어 화이트 NT350XCR-AD5WA-X16G (i5-10210U 39.6cm) + 무선 마우스 + 마우스패드 + 삼성에듀 강의 1년 수강권, 미포함, NVMe 256GB, 16GB",889000.0,(35),https://www.coupang.com/vp/products/1941837559?itemId=3296640474&vendorItemId=71283580310
"기가바이트 AORUS 15G XB i7 노트북 (10세대 i7-10875H 39.6cm WIN미포함 RTX2070 SUPER MAX-Q GDDR6 8GB) + 어로스 17 백팩 + M3 게이밍 마우스 + 장패드 세트, 미포함, SSD 512GB, 16GB",2533370.0,(3),https://www.coupang.com/vp/products/1630754914?itemId=2781606115&vendorItemId=70771360432&sourceType=srp_product_ads
"LG전자 2020 울트라 PC 노트북 15U50N-GR36K 화이트 (i3-10110U 39.6cm), SSD 128GB, 8GB, WIN10 Home",838000.0,(9),https://www.coupang.com/vp/products/1605327974?itemId=2741779741&vendorItemId=70731827145
"레노버 Flex 5 노트북 14ARE R3 W10S (라이젠3-4300U 35.5cm WIN10 S Radeon Graphics), 포함, NVMe 128GB, 8GB",699000.0,(21),https://www.coupang.com/vp/products/1734222912?itemId=2952308729&vendorItemId=70940828658
"삼성전자 Flash 노트북 NT530XBB-K24CS (펜티엄 소프트 코랄 N5000 33.7cm), SSD 128GB, 4GB, WIN10 Home",679000.0,(30),https://www.coupang.com/vp/products/1343396630?itemId=2479485490&vendorItemId=70366810842
"삼성전자 노트북 플러스 퓨어화이트 NT550XCR-AD1WA (셀러론-5205U 39.6cm), 미포함, NVMe 128GB, 8GB",549000.0,(7),https://www.coupang.com/vp/products/1899583329?itemId=3226762834&vendorItemId=71214002886
"Apple 2020 맥북 에어 13, Silver, 10세대 i3-1.1GHz dual-core, SSD 256GB, 8GB",1320000.0,(868),https://www.coupang.com/vp/products/1395425733?itemId=2430730738&vendorItemId=70424683912&pickType=COU_PICK
"LG전자 울트라PC 노트북 15U40N-GR56K (라이젠5-4500U 39.6cm WIN10 Home), 포함, NVMe 256GB, 8GB",998990.0,(49),https://www.coupang.com/vp/products/2001200936?itemId=3405196420&vendorItemId=71391804182
"LG전자 울트라북 노트북 15UD590-KX70K (i7-8565U 39.62cm MX150), SDD 256GB, 8GB, Free DOS",1035840.0,(23),https://www.coupang.com/vp/products/1662980416?itemId=691205203&vendorItemId=4899901282
"삼성전자 노트북 플러스 NT550XCJ-K78WA 퓨어 화이트 (i7-10510U 39.6cm), NVMe 256GB, 8GB + 8GB, WIN10 Home",1379000.0,(305),https://www.coupang.com/vp/products/1459817856?itemId=2511843147&vendorItemId=70504880374
"LG전자 6세대 코어i5 윈10탑재 LG 그램 14Z960 화이트, 4GB, SSD 256GB, 포함",789000.0,(6),https://www.coupang.com/vp/products/2239089587?itemId=3824288421&vendorItemId=71809156405
"레노버 Flex 5 노트북 Platinum Grey 14ARE R5 W10 (라이젠5-4500U 35.5cm WIN10 Home Radeon Graphics), 포함, NVMe 256GB, 8GB",829000.0,(6),https://www.coupang.com/vp/products/1734223022?itemId=2952308873&vendorItemId=70940828745
"LG그램 13Z940 화이트 4세대i5 램8G SSD128G 정품 윈도우10 업그레이드, i5-4200U/8G/SSD128G/윈도우10",459000.0,(6),https://www.coupang.com/vp/products/2046301450?itemId=3478831858&vendorItemId=71465140447
"LG전자 울트라PC 노트북 14U390-ME2TK (펜티엄 N500 35.5cm WIN 10 S모드) + 마인크래프트 스타터 콜렉션, 포함, eMMC 64GB, 4GB",478130.0,(7),https://www.coupang.com/vp/products/1919542472?itemId=3259240186&vendorItemId=71246299850
"MSI 노트북 Modern 14 B4MW-R7 (라이젠7-4700U 35.5cm), 미포함, NVMe 256GB, 8GB",759000.0,(9),https://www.coupang.com/vp/products/1910444982?itemId=3243656309&vendorItemId=71230838074
"레노버 아이디어패드 노트북 Platinum Grey S150-11 81VT (Intel Celeron N4020 29.5cm WIN10 Home S), 포함, eMMC 64GB, 4GB",279000.0,(36),https://www.coupang.com/vp/products/1547994015?itemId=2649830784&vendorItemId=70640681587
"레노버 아이디어패드 노트북 Ice Blue S150-11 81VT (Intel Celeron N4020 29.5cm WIN10 Home S), 포함, eMMC 64GB, 4GB",279000.0,(16),https://www.coupang.com/vp/products/1547994000?itemId=2649830769&vendorItemId=70640681612
"삼성전자 NT550P7C 17.3인치 대화면 3세대i5 램16G SSD 256G 윈도우10 완벽 가성비노트북, 16GB, SSD 256GB",399000.0,(1),https://www.coupang.com/vp/products/4361337207?itemId=5129446804&vendorItemId=72438867720
"LG전자 2020년 울트라PC 노트북 13UD50N-GX50K (i5-10210U 33.7cm), NVMe 256GB, 8GB, Free DOS",759940.0,(5),https://www.coupang.com/vp/products/1602724232?itemId=2737453914&vendorItemId=70727525471
"LG전자 2019 그램15 노트북 15ZD990-LX10K (팬티엄 5405U 39.6cm), SSD 128GB, 4GB, Free DOS",999000.0,(18),https://www.coupang.com/vp/products/298202794?itemId=939058781&vendorItemId=5324099851
"LG전자 울트라 PC 노트북 17U790-GA36K (i3-8145U 43.1cm), SSD 128GB, 8GB, WIN10 Home",1036670.0,(9),https://www.coupang.com/vp/products/344981488?itemId=1072862209&vendorItemId=5628801009
"삼성전자 노트북7 Force NT760XBV-G58A (i5-8265U 39.6cm GTX1650), NVMe 256GB, 8GB, Linux",1269000.0,(60),https://www.coupang.com/vp/products/242636932?itemId=2098714469&vendorItemId=70097614784
"레노버 노트북 Black ThinkPad E14-20T6S04X00(라이젠5-4500U 35.56cm), 미포함, NVMe 256GB, 8GB",629000.0,(2),https://www.coupang.com/vp/products/2111959220?itemId=3587435759&vendorItemId=71573227488
"HP 프로 노트북 455 G7-3E758AV (라이젠3-4300U 39.6cm WIN10 Home), 포함, NVMe 128GB, 8GB",659000.0,(1),https://www.coupang.com/vp/products/2284615156?itemId=3926643477&vendorItemId=71911163117
"에이수스 노트북 블랙 S533FL-BQ503 (i5-10210U 39.62cm MX250), 미포함, 512GB SSD, 8GB",798980.0,(7),https://www.coupang.com/vp/products/1690262453?itemId=2878463185&vendorItemId=70867591363
"삼성전자 갤럭시북 S Wi-Fi 노트북 얼씨 골드 NT767XCM-K38 (i3-L13G4 33.7cm WIN10 Home), 포함, eUFS 256GB, 8GB",1097000.0,(4),https://www.coupang.com/vp/products/2159114460?itemId=3667662413&vendorItemId=71653071450
"LG전자 울트라PC 13U50N-GR56K (i5-10210U 33.7cm WIN10 UHD graphics), 포함, SSD 256GB, 8GB",859000.0,(9),https://www.coupang.com/vp/products/1383141072?itemId=2417655164&vendorItemId=70411889853
"삼성전자 노트북9 METAL NT901X5L 가볍고 슬림한 1.29kg 코어i5 SSD2562GB 윈10 탑재, 8GB, SSD 256GB, 포함",699000.0,(1),https://www.coupang.com/vp/products/4368907108?itemId=5147093216&vendorItemId=72456426781
"에이수스 VivoBook S533 노트북 레졸루트 레드 S533FL-BQ502 (i5-10210U 39.624cm MX 250), 미포함, NVMe 512GB, 8GB",799000.0,(3),https://www.coupang.com/vp/products/1946361594?itemId=3304482224&vendorItemId=71291395069
"레노버 노트북 Black ThinkPad E15-20T8S03A00(라이젠7-4700U 39.6cm WIN10 Home Plus), 포함, NVMe 256GB, 8GB",899000.0,(2),https://www.coupang.com/vp/products/2111987175?itemId=3587486915&vendorItemId=71573278053
"에이수스 비보북 노트북 투명실버 X509JA-CP001 (i5-1035G1 39.6cm), 미포함, NVMe 512GB, 8GB",679000.0,(8),https://www.coupang.com/vp/products/2046195889?itemId=3478654383&vendorItemId=71464963846
"LG전자 2020 그램15 노트북 15ZD90N-VX5BK (i5-1035G7 39.6cm), NVMe 256GB, 8GB, Free DOS",1459000.0,(99),https://www.coupang.com/vp/products/1665226393?itemId=2057670185&vendorItemId=70056945180
"에이수스 VivoBook 노트북 투명 실버 X412FA-EB957(i5-10210U 35.5cm), 미포함, NVMe 256GB, 8GB",678960.0,(6),https://www.coupang.com/vp/products/1749496900?itemId=2979354702&vendorItemId=70967713245
"삼성전자 노트북7 NT750XBV-A39A 플래티넘 티탄 (i3-8145U 39.6cm), NVMe 256GB, 8GB, WIN10 Home",1078000.0,(95),https://www.coupang.com/vp/products/1665252325?itemId=1050816470&vendorItemId=5517340866
"레노버 아이디어패드 노트북 어비스블루 Slim3-15ARE R7 WIN10 (라이젠7-4700U 39.6cm WIN10 Home), 포함, NVMe 256GB, 8GB",838670.0,(3),https://www.coupang.com/vp/products/1787109723?itemId=3042668272&vendorItemId=71030715849
"아이뮤즈 스톰북 13 플러스 노트북 다크그레이 StormBook13 (아톰-Z8350 33.7cm WIN10 Home), 포함, eMMC 64GB, 2GB",210660.0,(26),https://www.coupang.com/vp/products/1251581976?itemId=2251005858&vendorItemId=70248383680
"삼성전자 갤럭시북 S NT767XCM-K58S Mercury Gray (Wi-Fi전용 i5-L16G7 33.7cm Win10 Home), 포함, eUFS 256GB, 8GB",1199000.0,(13),https://www.coupang.com/vp/products/1796301256?itemId=3055968174&vendorItemId=71043963896
"LG 울트라PC 15U560 6세대 i5 HD520 15.6인치 윈도우10, 8GB, SSD 256GB + HDD 500GB, 포함",585000.0,(3),https://www.coupang.com/vp/products/1177013145?itemId=2156023196&vendorItemId=71688568114
"이그닉 바이북 프로 14 리프레시 노트북 IG-BYB14109 (I5-10210U 35.5cm WIN미포함 UHD IPS), 미포함, SSD 256GB, 16GB",631700.0,(29),https://www.coupang.com/vp/products/1578848200?itemId=2699550573&vendorItemId=70689928525
"디클 클릭북 D14u (Celeron N4100 35.8cm WIN 10 eMMC 64GB m.2 SSD 128GB), 실버, 유선마우스 + 패드 + 오피스 365",449000.0,(59),https://www.coupang.com/vp/products/232787159?itemId=739419028&vendorItemId=4867071332
"LG전자 울트라북 15U560 코어i5 윈도우10 탑재 15인치 노트북, 8GB, SSD 128G + HDD500G",678000.0,(1),https://www.coupang.com/vp/products/2093342313?itemId=3556011437&vendorItemId=71541891750
"LG전자 그램 17 노트북 17Z990-VA55K(i5-8265U 43.1cm WIN10 Home) + 키스킨 + 무선 마우스 + 패드, 포함, 256GB, 8GB",1576600.0,(4),https://www.coupang.com/vp/products/2087819214?itemId=3546462910&vendorItemId=71532411546
"아이뮤즈 스톰북 15프로 (m3-6y30 39.6cm WIN10 8GB eMMC 64GB), StormBook15 PRO, 로즈골드",592670.0,(11),https://www.coupang.com/vp/products/344917481?itemId=1095474264&vendorItemId=5615434886
"레노버 ThinkPad E495-S0J8 (AMD 라이젠5 35.6cm WIN미포함 RAM 8GB SSD 128GB AMD 라데온 Vega8), Free DOS, 256GB, E495-SOJ8, 블랙",629000.0,(26),https://www.coupang.com/vp/products/324721637?itemId=1039542676&vendorItemId=5496431136
"LG LG그램 LG노트북 i3-6세대 8G SSD256G 14인치 WIN10, 8GB, 256GB, 포함",699000.0,(61),https://www.coupang.com/vp/products/1473463084?itemId=2532514443&vendorItemId=70727191718
"HP 프로북 430 G7 9JT92PA HSN-Q23C (i5-10210U 30.85cm Win10Pro), 포함, SSD 512GB, 8GB",909000.0,(5),https://www.coupang.com/vp/products/1076334274?itemId=2026732689&vendorItemId=70026300278
"레노버 ThinkBook 노트북 14s-IML 20RSA022KR (10세대 i5-10210U 35.56cm WIN10 Radeon 630 2GB), 포함, SSD 256GB, 8GB",919000.0,(3),https://www.coupang.com/vp/products/1238476460?itemId=2234065904&vendorItemId=70231627471
"레노버 아이디어패드 듀엣3 노트북 Graphite Grey 10IGL5-82T0029KR (셀러론N4020 26.16cm WIN10 Home S), 포함, eMMC 64GB, 4GB",438450.0,(2),https://www.coupang.com/vp/products/2123612920?itemId=3603589812&vendorItemId=71589271597
"기가바이트 게이밍노트북 AORUS 7 SB i7 (i7-10750H 43.9cm GTX1660Ti), 미포함, NVMe 512GB + HDD 1TB, 16GB",1549000.0,(4),https://www.coupang.com/vp/products/1863274359?itemId=3167221305&vendorItemId=71154753377
"한성컴퓨터 언더케이지 노트북 실버 TFX245SW (i5-10210U 35.56cm WIN10 MX250 2GB), 포함, SSD 500GB, 8GB",879000.0,(11),https://www.coupang.com/vp/products/1114134840?itemId=2078487622&vendorItemId=70077562876
"한성컴퓨터 노트북 올데이롱 블랙 TFX255S (i5-10210U 39.62cm WIN미포함), 미포함, SSD 500GB, 8GB",799000.0,(64),https://www.coupang.com/vp/products/1104993306?itemId=2066003712&vendorItemId=70065189861
"LG전자 2020년 그램17 노트북 17ZD90N-VX5BK (i5-1035G7 43.1cm), NVMe 256GB, 8GB, Free DOS",1589000.0,(55),https://www.coupang.com/vp/products/1098837642?itemId=2057725149&vendorItemId=70056999452
"삼성전자 노트북 Pen NT930QBE-K37WD Crush White (i3-8145U 33.7cm Win10 Home), 포함, NVMe 256GB, 8GB",1129000.0,(20),https://www.coupang.com/vp/products/1793057394?itemId=3050873606&vendorItemId=71038883899
"디클 클릭북 D17 (셀러론 J4105 43.9cm WIN10 RAM 8GB SSD 128GB 키스킨 랜덤 색상), 화이트",522900.0,(12),https://www.coupang.com/vp/products/330528361?itemId=1056340924&vendorItemId=5529300314
"델 INSPIRON 15 7591 2in1 노트북 D001I7591004KR (i7-10510U 39.62cm WIN 10PRO UHD MX250) P84F001, 포함, SSD 512GB, 16GB",1759000.0,(8),https://www.coupang.com/vp/products/1234476515?itemId=2228744177&vendorItemId=70226372313
"HP ENVY X360 15-dr1011TX (i7-10510U 39.6cm WIN10 터치펜), 포함, 512GB, 16GB",1814440.0,(12),https://www.coupang.com/vp/products/1074242160?itemId=2023671900&vendorItemId=70023308422
"레노버 IdeaPad Duet3 노트북 Graphite Grey 10IGL05-82AT0028KR (셀러론-N4020 26.162cm WIN10 Home S), 포함, eMMC 64GB, 4GB",498990.0,(2),https://www.coupang.com/vp/products/2121828607?itemId=3600845747&vendorItemId=71586559748
"HP [주문당일출고] 15s-fq1075TU 다운로드 쿠폰할인 한컴오피스증정 Nvme256GB 인텔10세대 i3 윈도우10프로 탑재, 4GB, Nvme SSD 256GB, 포함",749000.0,(44),https://www.coupang.com/vp/products/1653857715?itemId=2817715375&vendorItemId=70422283482
"삼성전자 갤럭시북 플렉스 알파 노트북 NT750QCR-A38A (i3-10110U 39.6cm WIN10 Home), 포함, NVMe 256GB, 8GB",1479000.0,(66),https://www.coupang.com/vp/products/1557693175?itemId=2663647653&vendorItemId=70654232779
"삼성전자 갤럭시북 플렉스 노트북 로얄 블루 NT930QCT-A38A (i3-1005G1 33.7cm), 미포함, NVMe 256GB, 8GB",1498000.0,(1),https://www.coupang.com/vp/products/4361334100?itemId=5129439162&vendorItemId=72438860274
"LG전자 10세대 코어i7 윈10탑재 17형 LG 그램 2020년형 17Z90N-VA76K 그레이 정품키스킨 증정, 16GB, SSD 512GB, 포함",1689000.0,(18),https://www.coupang.com/vp/products/2239012307?itemId=3824139013&vendorItemId=71320125186
"마이크로스프트 서피스고2 노트북 플래티넘 STV-00009-G (Intel Pentium Gold 26.67cm WIN10 Home S) + 탐탁 파우치, 포함, SSD 64GB, 4GB",549000.0,(1),https://www.coupang.com/vp/products/1852117264?itemId=3148349014&vendorItemId=71135947598
"Xnote 15N540 4세대 i7탑재 16G램 SSD 256G 지포스 윈도우10 무료업그레이드, 16GB, SSD 256GB",559000.0,(6),https://www.coupang.com/vp/products/1685011604?itemId=2870019485&vendorItemId=70859231368
"삼성전자 갤럭시북 이온 노트북 아우라실버 NT950XCR-A38A (i3-10110U 39.6cm), 미포함, NVMe 256GB, 16GB",1299000.0,(22),https://www.coupang.com/vp/products/1916343702?itemId=3253615477&vendorItemId=71240687660
"레노버 ideapad 노트북 330-15ARR 81D2005SKR (Ryzen7-2700U), 128GB, 4GB, Free DOS",649000.0,(8),https://www.coupang.com/vp/products/148580194?itemId=429673363&vendorItemId=4059376203
"MSI 노트북 Creator 17M A10SD (i7-10750H 43.942cm GTX1660Ti), 미포함, NVMe 512GB, 16GB",1599000.0,(19),https://www.coupang.com/vp/products/1768163389?itemId=3010784805&vendorItemId=70998984417
"에이수스 엑스퍼트북 노트북 P1504FA-BQ593 (i5-8265U 39.6cm WIN미포함), 미포함, SSD 128GB, 4GB",621320.0,(10),https://www.coupang.com/vp/products/1120251443?itemId=2086003387&vendorItemId=70085011941
"에이수스 ZenBook 15 노트북 로얄 블루 UX534FAC-A9103T(i7-10510U 39.62cm WIN10), 포함, NVMe 1TB, 16GB",1448980.0,(5),https://www.coupang.com/vp/products/1787011641?itemId=3042517923&vendorItemId=71030566857
"중고노트북 10만원대 삼성 LG HP 등, 단일색상, [A] 레노버EDGE",109000.0,(41),https://www.coupang.com/vp/products/239931872?itemId=763309847&vendorItemId=4892271053
"LG전자 그램15 노트북 15ZD995-VX70K 스노우 화이트 (i7-10510U 39.6cm), NVMe 256GB, 8GB, Free DOS",1605240.0,(6),https://www.coupang.com/vp/products/1464218751?itemId=2518345355&vendorItemId=70471851251
"Apple 2020 맥북 에어 13, Space gray, 10세대 i3-1.1GHz dual-core, SSD 256GB, 8GB",1214400.0,(868),https://www.coupang.com/vp/products/1395425733?itemId=2430730742&vendorItemId=70424683916
"HP 프로북 455 G7 노트북 G7-3Q054PA (라이젠5-4500U 39.6cm WIN10 Pro AMD Radeom R5), NVMe 256GB, 8GB",879000.0,(4),https://www.coupang.com/vp/products/1713369275?itemId=2915836854&vendorItemId=70904518261
"LG 15N540 i5-4세대/RAM8G/SSD256G/인텔HD/15.6인치/윈도우10, 실버, 15N540 i5-4세대/8G/SSD256G/윈10, 포함",419000.0,(2),https://www.coupang.com/vp/products/1920518947?itemId=3260790900&vendorItemId=71247845900
"LG전자 2020 그램 17 노트북 17Z90N-VA56K (i5-1035G7 43.1cm), NVMe 512GB, 8GB, WIN10 Home",1819000.0,(68),https://www.coupang.com/vp/products/1665023767?itemId=2057748640&vendorItemId=70057022724
"LG 그램 14Z950 5세대 i5 14인치 윈도우10, 8GB, SSD256GB, 포함",649000.0,(8),https://www.coupang.com/vp/products/1204709580?itemId=2190569755&vendorItemId=70838434885
"LG전자 2020 그램15 노트북 15Z90N-VR36K (i3-1005G1 39.6cm), NVMe 512GB, 8GB, WIN10 Home",1489000.0,(13),https://www.coupang.com/vp/products/1164587912?itemId=2158416680&vendorItemId=70156639684
"LG전자 2019 울트라 PC 노트북 15UD490-GX76K (라이젠 R7-2700U 39.6cm), SSD 256GB, 8GB, Free DOS",879000.0,(12),https://www.coupang.com/vp/products/274133571?itemId=834314864&vendorItemId=5124086455
"LG PC그램 14Z960 6세대 i5탑재 윈도우10 사은품 증정, 8GB, SSD 256GB, 윈도우 10",699000.0,(4),https://www.coupang.com/vp/products/2228486816?itemId=3801745070&vendorItemId=71786716666
"삼성전자 2020 갤럭시북 플렉스 NT950QCG-X716A (i7-1065G7 39.6cm MX250), NVMe 1TB, 16GB, WIN10 Home",2598000.0,(182),https://www.coupang.com/vp/products/1665581271?itemId=2097952137&vendorItemId=70096835256
"HP 사무용노트북 840G3 i7-6600U 8G SSD256G 14인치 WIN10, 8GB, SSD 256GB, 포함",499000.0,(18),https://www.coupang.com/vp/products/1422794083?itemId=2461732768&vendorItemId=70455223488
"LG전자 2020 그램15 터치 15ZD90N-HX56K (i5-1035G7 아이스레이크 39.6cm), NVMe 256GB, 8GB, Free DOS",1518000.0,(113),https://www.coupang.com/vp/products/1098859005?itemId=2057748657&vendorItemId=70057022740
"LG전자 2020 그램17 노트북 17ZD90N-VX70K 스노우 화이트 (i7-1065G7 43.1cm), NVMe 256GB, 8GB, Free DOS",1710610.0,(159),https://www.coupang.com/vp/products/1665031215?itemId=2057670048&vendorItemId=70056945091
"디클 클릭북 D14 NC-SENS (Celeron-N4000 35.8cm WIN10 4GB SSD 64GB) + 키스킨 + 유선마우스 + 패드 + 오피스 365, 화이트",307900.0,(20),https://www.coupang.com/vp/products/326348363?itemId=1044495278&vendorItemId=5505640217
"삼성전자 갤럭시북 이온 NT950XCR-G58A Aura Silver (i5-10210U 39.6cm GeForce MX250), 미포함, NVMe 256GB, 16GB",1577000.0,(10),https://www.coupang.com/vp/products/2021383363?itemId=3438553996&vendorItemId=71425040479
"레노버 아이디어패드 노트북 플래티넘그레이 S340-13IML 7D (10세대 i7-10510U WIN미포함 UHD Graphics), 미포함, SSD 256GB, 8GB",799000.0,(5),https://www.coupang.com/vp/products/1235494771?itemId=2230018039&vendorItemId=70227625266
"HP ENVY x360 노트북 내츄럴실버 15-ed0020TX (i5-10210U 39.6cm WIN10 Home MX330), 포함, NVMe 256GB, 8GB",1220230.0,(1),https://www.coupang.com/vp/products/2203786209?itemId=3748024797&vendorItemId=71733162962
"LG전자 울트라 기어 노트북 15UD70N-PX50K (i5-10210U 39.6cm GTX 1050), NVMe 256GB, 8GB, Free DOS",1293680.0,(14),https://www.coupang.com/vp/products/1448220475?itemId=2494787358&vendorItemId=70487978472
"에이수스 젠북플립14 라이트 그레이 UM462DA-AI082 (R5-3500U 35.56Cm WIN미포함 라데온 Vega8 Graphics), 미포함, SSD 512GB, 8GB",879000.0,(3),https://www.coupang.com/vp/products/1271827510?itemId=2276625421&vendorItemId=70273793524
"Apple 2020 맥북 에어 13, Gold, 10세대 i5-1.1GHz quad-core, SSD 512GB, 8GB",1548860.0,(868),https://www.coupang.com/vp/products/1395425733?itemId=2430730741&vendorItemId=70424683915
"싱크패드 E15 20RDS00S00 노트북 TP00117A (i5-10210U 39.6cm WIN미포함), 미포함, SSD 256GB, 4GB",745060.0,(6),https://www.coupang.com/vp/products/1238388403?itemId=2233980095&vendorItemId=70231543268
"LG전자 2020 그램14 노트북 14ZD90N-VX50K 스노우 화이트 (i5-1035G7 35.5cm), NVMe 256GB, 8GB, Free DOS",1409000.0,(99),https://www.coupang.com/vp/products/1662857795?itemId=2057670061&vendorItemId=70056945094
"삼성전자 노트북 플러스 NT550XCJ-K78WA 퓨어 화이트 (i7-10510U 39.6cm), NVMe 256GB, 8GB, WIN10 Home",1349000.0,(305),https://www.coupang.com/vp/products/1459817856?itemId=2605599210&vendorItemId=70596738668
"디클 클릭북 D14u (Celeron N4100 35.8cm WIN 10 eMMC 64GB), 실버, 키스킨 랜덤 발송 + 유선마우스 + 패드 + 오피스 365",382900.0,(64),https://www.coupang.com/vp/products/4395517016?itemId=5213915184&vendorItemId=5557944092
"에이수스 TUF 게이밍 노트북 FA506IH-BQ149 (R7-4800H 39.6cm RAM 16G SSD 512G WIN미포함 GTX1650), 미포함, NVMe 512GB, 16GB",1249000.0,(32),https://www.coupang.com/vp/products/1653989825?itemId=2817925293&vendorItemId=70807429502
"한성컴퓨터 노트북 블랙 언더케이지 TFX245S (i5-10210U 35.56cm WIN미포함), 미포함, NVMe 500GB, 8GB",749000.0,(78),https://www.coupang.com/vp/products/1104992789?itemId=2066003009&vendorItemId=70065189721
"HP [주문당일출고] 15s-fq1075TU 메모리 4GB 무상 업그레이드 한컴오피스증정 윈도우10프로 탑재, 8GB, 256GB SSD NVMe M.2, 포함",749000.0,(26),https://www.coupang.com/vp/products/1653842440?itemId=2817693860&vendorItemId=70422259076
"에이수스 ROG 제피러스 노트북 블랙 GA502IU-AZ015T (라이젠7-4800HS 39.6cm WIN10 Home GTX1660 Ti), 포함, NVMe 1TB, 8GB",1598960.0,(1),https://www.coupang.com/vp/products/2342827229?itemId=4059905958&vendorItemId=72044006380
"에이수스 ROG SCAR 노트북 블랙 G732LWS-HG040 (i7-10875H 43.9cm RTX2070 SUPER), 16GB, NVMe 1TB, 미포함",2598980.0,(1),https://www.coupang.com/vp/products/2122389226?itemId=3601714498&vendorItemId=72042534856
"LG전자 2020 그램15 노트북 15ZD90N-VX70K (i7-1065G7 39.6cm), NVMe 256GB, 8GB, Free DOS",1605690.0,(29),https://www.coupang.com/vp/products/1663014619?itemId=2057725170&vendorItemId=70056999457
"LG전자 울트라 PC 노트북 15U590-KA70K (i7-8565U 39.6cm MX 150), SSD 256GB, 8GB, WIN10 Home",1298000.0,(20),https://www.coupang.com/vp/products/266173176?itemId=834314854&vendorItemId=5124086441
"한성컴퓨터 노트북 실버 언더케이지 TFX245S (i5-10210U 35.56cm WIN미포함), 미포함, SSD 500GB, 8GB",749000.0,(39),https://www.coupang.com/vp/products/1104995278?itemId=2066006474&vendorItemId=70065189855
"에이수스 TUF GAMING FA706 노트북 포트리스 그레이 FA706IH-H7014 (라이젠5-4600H 43.18cm GTX 1650), 미포함, NVMe 512GB, 8GB",949000.0,(4),https://www.coupang.com/vp/products/1857956139?itemId=3158260487&vendorItemId=71145825184
"삼성전자 갤럭시북 이온 노트북 NT930XCR-A58A 아우라 실버 (i5-10210U 33.7cm), NVMe 256GB, 8GB, WIN10 Home",1509000.0,(91),https://www.coupang.com/vp/products/1130285839?itemId=2097917453&vendorItemId=70096804333
"[가성비 끝판왕] Lenovo V15-ADA [Windows10 Pro 포함], 4GB, SSD 128GB, Windows10 Pro",485000.0,(5),https://www.coupang.com/vp/products/2035153103?itemId=3460717014&vendorItemId=71447085043
"한성컴퓨터 게이밍 노트북 TFG256XS (i7-10875H 39.62cm WIN미포함 RTX 2060), 미포함, NVMe 500GB, 16GB",1499000.0,(3),https://www.coupang.com/vp/products/1702568815?itemId=2897462946&vendorItemId=70886451225
"삼성전자 노트북 Plus NT550XCR-GD5A 플레티넘 티탄 (i5-10210U 39.6cm MX 250) + 삼성에듀 강의 수강, 포함, NVMe 256GB, 8GB",1298000.0,(3),https://www.coupang.com/vp/products/1547699935?itemId=2649412065&vendorItemId=70640323773
"MSI 노트북 모던14 카본그레이 A10M-i5 (인텔 코어 i5-10210U WIN미포함 UHD Graphics), 미포함, NVMe 256GB, 8GB",667000.0,(35),https://www.coupang.com/vp/products/1707330511?itemId=2905659682&vendorItemId=70894514109
"Apple 2020년 맥북 프로 13, 8세대 i5, 8GB, SSD 512GB, 실버",1830800.0,(771),https://www.coupang.com/vp/products/1650206709?itemId=2811526821&vendorItemId=70801067492
"LG전자 그램 14 노트북 14ZD90N-VX30K 스노우 화이트 (i3-1005G1 35.5cm), NVMe 256GB, 8GB, Free DOS",1159000.0,(46),https://www.coupang.com/vp/products/1229834303?itemId=2166902456&vendorItemId=70165055657
"LG 울트라PC 15U560 6세대 i5 지포스940M 15.6인치 윈도우10, SSD 256GB + HDD 500GB, 8GB, 포함",645000.0,(12),https://www.coupang.com/vp/products/1235544999?itemId=2230077695&vendorItemId=70227683884
"한성컴퓨터 노트북 올데이롱 실버 TFX255S (i5-10210U 39.62cm WIN미포함), 미포함, SSD 500GB, 8GB",799000.0,(42),https://www.coupang.com/vp/products/1104994291?itemId=2066005044&vendorItemId=70065189835
"[가성비 끝판왕] Lenovo V15-ADA [Windows10 Pro 포함], 8GB, SSD 128GB, Windows10 Pro",505000.0,(5),https://www.coupang.com/vp/products/2035153103?itemId=3460717018&vendorItemId=71447085113
"에이수스 ROG 제피러스 GA401 노트북 GA401IV-HA120T (라이젠9 4900HS 35.8cm WIN10 Home RTX2060), 포함, NVMe 1TB, 16GB",2199000.0,(1),https://www.coupang.com/vp/products/2071023142?itemId=3518828328&vendorItemId=71504928235
"LG전자 2020 그램17 노트북 17ZD995-VX50K (i5-10210U 43.1cm), NVMe 256GB, 8GB, Free DOS",1499000.0,(42),https://www.coupang.com/vp/products/1164494469?itemId=2141601057&vendorItemId=70139973687
"아이뮤즈 스톰북 14 아폴로 64GB MS오피스 윈도우10 무료, 4GB, 로즈골드, 64GB 기본형",339000.0,(4),https://www.coupang.com/vp/products/2051545944?itemId=3487746622&vendorItemId=71474022316
"에이수스 ROG 게이밍 노트북 G512LU-AL043 (i7-10750H 39.6cm WIN미포함 GTX1660Ti), 미포함, NVMe 512GB, 8GB",1340000.0,(20),https://www.coupang.com/vp/products/1797203229?itemId=3057501565&vendorItemId=71045489335
"LG전자 2020 그램15 노트북 (i7-1065G7 39.6cm), 8GB, SSD NVMe 256GB, Free DOS, 미포함, 8GB",1628000.0,(35),https://www.coupang.com/vp/products/1176696379?itemId=2057705666&vendorItemId=70056980393
"삼성전자 갤럭시북 이온 노트북 NT930XCR-A58A 아우라 실버 (i5-10210U 33.7cm), NVMe 512GB, 8GB, WIN10 Home",1558000.0,(91),https://www.coupang.com/vp/products/1130285839?itemId=2226468033&vendorItemId=70224114066
"레노버 노트북 YOGA S740-14IIL Liberty i7 (i7-1065G7 35.5cm WIN10 RAM 8GB SSD 512GB MX250), MicaSilver",1248910.0,(15),https://www.coupang.com/vp/products/332471773?itemId=1062235205&vendorItemId=5541642346
"한성컴퓨터 언더케이지 노트북 블랙 TFX245SW (i5-10210U 35.56cm WIN10 MX250 2GB), 포함, SSD 500GB, 8GB",879000.0,(17),https://www.coupang.com/vp/products/1114134867?itemId=2078487660&vendorItemId=70077562926
"레노버 노트북 Legion 5 15ARH ZEN PLUS (라이젠 7-4800H 39.6cm GTX 1660Ti), 미포함, NVMe 256GB, 8GB",1248900.0,(2),https://www.coupang.com/vp/products/4381973946?itemId=5181517916&vendorItemId=72117048200
"삼성전자 갤럭시북 S NT767XCM-K58 Earth Gold (Wi-Fi전용 i5-L16G7 33.7cm Win10 Home), 포함, eUFS 256GB, 8GB",1199000.0,(11),https://www.coupang.com/vp/products/1796301203?itemId=3055968097&vendorItemId=71043963831
"LG전자 그램 노트북 17ZD90N-VX30K (10세대 i3-1005G1 43.1cmcm WIN 미포함 Intel UHD Graphics), SSD 256GB, 8GB",1339000.0,(18),https://www.coupang.com/vp/products/1229834250?itemId=2222859117&vendorItemId=70220537732
"HP [주문당일출고] 15s-fq1075TU 메모리 4GB 무상 업그레이드, 8GB, SSD 256GB NVMe M.2, 미포함",649000.0,(8),https://www.coupang.com/vp/products/1392797713?itemId=2428241945&vendorItemId=70422227342
"LG전자 울트라PC 17U70N-GA36K (i3-10110U 43.1cm), NVMe 512GB, 8GB, WIN10 Home",1192690.0,(7),https://www.coupang.com/vp/products/1383141168?itemId=2417655261&vendorItemId=70411889942
"LG전자 울트라북 노트북 15U490-GA76K (라이젠7 2700U 39.62cm), SSD 256GB, 8GB, WIN10 Home",979000.0,(50),https://www.coupang.com/vp/products/1172340331?itemId=2150494043&vendorItemId=70148815790
"삼성전자 갤럭시북 플렉스 알파 노트북 머큐리 그레이 NT730QCR-A516A (i5-10210U 33.7cm), 미포함, NVMe 512GB, 16GB",1579000.0,(45),https://www.coupang.com/vp/products/1748459389?itemId=2977571628&vendorItemId=70965952629
"LG전자 2020 그램17 노트북 17Z90N-VA7WK 스노우 화이트 (i7-1065G7 43.1cm), NVMe 512GB, 8GB, WIN10 Home",2160130.0,(14),https://www.coupang.com/vp/products/1665029421?itemId=2141682345&vendorItemId=70140052835
"레노버 Flex 5 노트북 14ARE R7 W10 (라이젠7-4700U 35.5cm WIN10 Home Radeon Graphics), 포함, NVMe 256GB, 8GB",999000.0,(15),https://www.coupang.com/vp/products/1734223064?itemId=2952308930&vendorItemId=70940828821
"레노버 노트북 Chameleon Blue Gaming 3 15-ARH R5 ZEN PRO W10 (라이젠5-4600H 39.6cm WIN10 Home GTX1650Ti), 포함, NVMe 256GB, 8GB",939000.0,(13),https://www.coupang.com/vp/products/1960438851?itemId=3331880157&vendorItemId=71318701922
"한성컴퓨터 노트북 BossMonster X5067T (i7-10875H 39.62cm WIN미포함 GTX 1660Ti), 미포함, NVMe 250GB, 8GB",1249000.0,(11),https://www.coupang.com/vp/products/1730400298?itemId=2945363284&vendorItemId=70933895639
"에이수스 비보북 노트북 슬레이트 그레이 X509JA-CP002 (i5-1035G1 39.6cm), 미포함, NVMe 512GB, 8GB",679000.0,(2),https://www.coupang.com/vp/products/2046195882?itemId=3478654374&vendorItemId=71464963845
"LG전자 2020 그램14 노트북 14Z90N-VR56K (i5-1035G7 35.5cm), NVMe 512GB, 8GB, WIN10 Home",1569000.0,(36),https://www.coupang.com/vp/products/1098837702?itemId=2057725274&vendorItemId=70056999526
"마이크로스프트 서피스고2 노트북 STV-00009-G (Intel Pentium Gold 26.6cm WIN10 Home S HD Graphics615), 포함, SSD 64GB, 4GB",542090.0,(2),https://www.coupang.com/vp/products/1630863914?itemId=2781785583&vendorItemId=70771536742
"에이수스 크리에이터X 노트북 스타블랙 X571LH-BN019 (i5-10300H 39.6cm GTX 1650), 미포함, NVMe 512GB, 16GB",1049000.0,(2),https://www.coupang.com/vp/products/2087844271?itemId=3546501096&vendorItemId=71532449559
"삼성전자 노트북 7 Force 블레이드 블랙 NT760XBV-G58A(i5-8265U 39.6cm WIN 미포함 GTX 1650), NVMe 256GB, 16GB",1299000.0,(7),https://www.coupang.com/vp/products/1981297406?itemId=3370901142&vendorItemId=71357615110
"한성컴퓨터 BossMonster 노트북 X7067T (i7-10875H 43.94cm WIN미포함 GTX1660Ti), 미포함, NVMe 250GB, 8GB",1299000.0,(14),https://www.coupang.com/vp/products/1704365407?itemId=2900423076&vendorItemId=70889376394
"LG전자 2020 그램 2in1 노트북 14TD90N-VX30K (i3-10110U 35.5cm), NVMe 256GB, 8GB, Free DOS",1339000.0,(30),https://www.coupang.com/vp/products/1163770789?itemId=2158416327&vendorItemId=70156639683
"레노버 V15-JKR, 8GB, SSD 256GB, 포함",716000.0,(1),https://www.coupang.com/vp/products/1924780122?itemId=3267809693&vendorItemId=71254842401
"LG전자 2020 그램 2in1 노트북 14T90N-VR56K (i5-10210U 35.5cm), NVMe 256GB, 8GB, WIN10 Home",1659000.0,(15),https://www.coupang.com/vp/products/1662915477?itemId=2158416650&vendorItemId=70156639704
"한성컴퓨터 39.62cm FHD DEX 포터블 HDR 멀티터치 휴대용 모니터, TFX156T",219000.0,(137),https://www.coupang.com/vp/products/1370528628?itemId=2403069225&vendorItemId=70397894135
"에이수스 젠북14 스크린패드 UX434FLC-A6210T (10세대 코어i5-10210U 35.56cm WIN10) 로얄 블루, 포함, 512GB, 8GB",1349000.0,(14),https://www.coupang.com/vp/products/1067332201?itemId=2014333435&vendorItemId=70014106387
"LG전자 그램14 노트북 14Z90N-VR36K 스노우 화이트 (i3-1005G1 35.5cm), NVMe 512GB, 8GB, WIN10 Home",1469000.0,(32),https://www.coupang.com/vp/products/1662874354?itemId=2222859161&vendorItemId=70220537773
"한성컴퓨터 노트북 TFG256XX (i7-10875H 39.62cm RTX2060), 미포함, NVMe 500GB, 16GB",1449000.0,(7),https://www.coupang.com/vp/products/1925746196?itemId=3269234218&vendorItemId=71256257364
"삼성전자 갤럭시북 플렉스 알파 노트북 NT750QCJ-K58A (i5-10210U 39.6cm WIN10 Home), 포함, NVMe 256GB, 16GB",1839000.0,(50),https://www.coupang.com/vp/products/1666787967?itemId=2878118968&vendorItemId=70867255197
"LG전자 울트라기어 노트북 17UD790-PX56K (i5-8265U 43.1cm GTX1650), NVMe 256GB, 8GB, Free DOS",1409590.0,(8),https://www.coupang.com/vp/products/307010311?itemId=1100455251&vendorItemId=5627578186
"삼성전자 갤럭시북 플렉스 알파 노트북 머큐리 그레이 NT730QCR-A516A (i5-10210U 33.7cm WIN10 DSP), 포함, NVMe 256GB, 16GB",1639000.0,(45),https://www.coupang.com/vp/products/1748459389?itemId=3253615536&vendorItemId=71240687740
"Apple 2019년 맥북 프로 16, 9세대 i7, 16GB, SSD 512GB, 실버, AMD Radeon Pro 5300M",3062400.0,(1504),https://www.coupang.com/vp/products/1066005124?itemId=2012812617&vendorItemId=70012621835
"삼성전자 갤럭시북 이온 노트북 NT950XCR-G58A 아우라 실버 (i5-10210U 39.6cm MX250), NVMe 256GB, 8GB, WIN10 Home",1699000.0,(98),https://www.coupang.com/vp/products/1665445457?itemId=2098033655&vendorItemId=70096918925
"LG전자 2020 그램17 노트북 17Z90N-VA7BK (i7-1065G7 43.1cm), NVMe 256GB, 8GB, WIN10 Home",1838000.0,(20),https://www.coupang.com/vp/products/1665078133?itemId=2058171807&vendorItemId=70057439828
"LG전자 울트라 PC 노트북 17U70N-GA56K 다크실버 (i5-10210U 43.1cm), NVMe 256GB, 8GB, WIN10 Home",1385560.0,(19),https://www.coupang.com/vp/products/1662972474?itemId=2236513327&vendorItemId=70234027794
"MSI 게이밍 노트북 GF65 Thin 9SEXR (i7-9750H 39.6cm WIN미포함 RTX 2060), 미포함, NVMe 512GB, 8GB",1299000.0,(12),https://www.coupang.com/vp/products/1654069829?itemId=2818063563&vendorItemId=70807554083
"LG전자 2020 그램 13 노트북 스노우 화이트 ZD990-VX50K (i5-8265U 33.7cm), 미포함, SSD 256GB, 8GB",1102070.0,(7),https://www.coupang.com/vp/products/1801635189?itemId=3065394589&vendorItemId=71053337762
"삼성전자 갤럭시북 이온 노트북 NT930XCR-A58A 아우라 실버 (i5-10210U 33.7cm), NVMe 512GB, 8GB, Linux",1357000.0,(91),https://www.coupang.com/vp/products/1130285839?itemId=3421735370&vendorItemId=71408290157
"MSI 게이밍 노트북 GP65 Leopard 10SEK (i7-10750H 39.6cm RTX 2060), 미포함, NVMe 512GB, 8GB",1499000.0,(3),https://www.coupang.com/vp/products/1690337071?itemId=2878579778&vendorItemId=70867711209
"삼성전자 갤럭시 북 플렉스 노트북 NT950QCG-X58SA (i5-1035G4 39.6cm WIN10 Home MX250), 포함, NVMe 1TB, 8GB",2048000.0,(11),https://www.coupang.com/vp/products/1369089966?itemId=2401393128&vendorItemId=70396288461
"에이수스 ZenBook14 UX434FLC-A6267T (i7-10510U 35.56cm WIN10 MX250), 포함, 1TB SSD, 16GB",1498990.0,(5),https://www.coupang.com/vp/products/1717510124?itemId=2923090180&vendorItemId=70911752224
"삼성전자 갤럭시북 플렉스 노트북 NT930QCG-K58A 로얄 블루 (i5-1035G4 33.7cm), NVMe 512GB, 8GB, WIN10 Home",1849000.0,(48),https://www.coupang.com/vp/products/1665310269?itemId=2098732563&vendorItemId=70097614631
"Apple 2020 맥북 에어 13, Space gray, 10세대 i3-1.1GHz dual-core, SSD 256GB, 16GB",1462800.0,(868),https://www.coupang.com/vp/products/1395425733?itemId=2478684763&vendorItemId=70472016526
"에이수스 젠북 스크린패드 화이트 에디션 UX334FL-A4052T (코어i7-8565U 33.78cm IPS광시야각 나노엣지디스플레이 NVIDIA GeForce MX250 WIN10), 포함, 512GB, 16GB",1699000.0,(5),https://www.coupang.com/vp/products/1073734247?itemId=2023040539&vendorItemId=70022691357
"Apple 2019년 맥북 프로 터치바 13, 실버, i5-1.4GHz quad-core, SSD 128GB, 16GB",1902040.0,(1169),https://www.coupang.com/vp/products/241092251?itemId=2532748118&vendorItemId=70525497365
"주연테크 올데이 슈퍼플라이 울트라 캐리북 Cool Gray J7FC_5S (10세대 i5-10210U 35.56cm WIN미포함 intel UHD Graphics), 8GB, NVMe 512GB, 미포함",789000.0,(13),https://www.coupang.com/vp/products/1139111374?itemId=2109763469&vendorItemId=70798384824
"MSI 게이밍 노트북 GP75 Leopard 10SDK (i7-10750H 43.9cm GTX 1660 Ti), 미포함, NVMe 512GB, 8GB",1556470.0,(5),https://www.coupang.com/vp/products/1690338287?itemId=2878581318&vendorItemId=70867711043
"에이수스 ExpertBook 노트북 그레이 B9450FA-BM0426T (i5-10210U 35.56cm WIN10 Home RAM 8GB NVMe 512GB), 포함, NVMe 512GB",1429000.0,(28),https://www.coupang.com/vp/products/1609067131?itemId=2748173197&vendorItemId=70738148517
"삼성전자 갤럭시 북 플렉스 알파 노트북 NT730QCJ-K38A (i3-10110U 33.7cm), NVMe 256GB, 8GB, WIN10 Home",1498000.0,(32),https://www.coupang.com/vp/products/1556993318?itemId=2662612226&vendorItemId=70653210066
"LG전자 2020 그램17 노트북 17Z995-VA50K (i5-10210U 43.1cm), NVMe 256GB, 8GB, WIN10 Home",1749000.0,(14),https://www.coupang.com/vp/products/1665083640?itemId=2259043293&vendorItemId=70256344379
"Apple 2020 맥북 에어 13, Silver, 10세대 i3-1.1GHz dual-core, SSD 256GB, 16GB",1462800.0,(868),https://www.coupang.com/vp/products/1395425733?itemId=2478684586&vendorItemId=70472016394
"에이수스 크리에이터X 노트북 X571LI-BN011T (i7-10750H 39.6cm WIN10 Home GTX 1650Ti), 포함, NVMe 512GB, 16GB",1467880.0,(3),https://www.coupang.com/vp/products/1925741159?itemId=3269227327&vendorItemId=71256250378
"레노버 Legion 5Pi 15IMH I7 HYPER 1660TI 노트북 82AW003DKR (i7-10750H 39.6cm GTX 1660Ti), 미포함, NVMe 256GB, 8GB",1303250.0,(1),https://www.coupang.com/vp/products/1848893532?itemId=3142832858&vendorItemId=71130448662
"마이크로스프트 서피스고2 노트북 블랙 (Intel Core m3 26.6cm WIN10 Home S HD Graphics615 LTE), 포함, SSD 128GB, 8GB",1107650.0,(7),https://www.coupang.com/vp/products/1630863886?itemId=2781785541&vendorItemId=70771536711
"HP ENVY13 X360 노트북 다크 애쉬 블랙 13-ar0078AU (라이젠7-3700U 33.8cm WIN10 Home) + 터치펜 + USB C타입 to 멀티 젠더, 포함, NVMe 256GB, 8GB",1265990.0,(1),https://www.coupang.com/vp/products/2033927801?itemId=3458624312&vendorItemId=71445003111
"한성컴퓨터 아방가르드 노트북 TFG257XG (i7-10875H 39.62cm WIN미포함 RTX 2070), 미포함, NVMe 500GB, 16GB",1849000.0,(3),https://www.coupang.com/vp/products/1702568763?itemId=2897462899&vendorItemId=70886450986
"LG전자 2020 그램14 노트북 14ZD90N-VX70K 스노우 화이트 (i7-1065G7 35.5cm), NVMe 256GB, 8GB, Free DOS",1589000.0,(9),https://www.coupang.com/vp/products/1662775107?itemId=2057705708&vendorItemId=70056980414
"LG전자 2020 울트라기어 노트북 17U70N-PA56K (i5-10210U 43.1cm GTX 1650), SSD 256GB, 8GB, WIN10 Home",1739000.0,(6),https://www.coupang.com/vp/products/1277987944?itemId=2285035724&vendorItemId=70231297542
"삼성전자 노트북7 Force NT760XBV-G58A (i5-8265U 39.6cm GTX1650), NVMe 256GB, 8GB, WIN10 Home",1390000.0,(60),https://www.coupang.com/vp/products/242636932?itemId=2229790573&vendorItemId=70227406532
"LG전자 그램14 노트북 14ZD995-GX50K 스노우 화이트 (i5-10210U 35.5cm), NVMe 256GB, 8GB, Free DOS",1483150.0,(17),https://www.coupang.com/vp/products/1662874472?itemId=2229827817&vendorItemId=70227443287
"LG전자 2020 그램15 노트북 15ZD90N-VX30K (i3-1005G1 39.6cm), NVMe 256GB, 8GB, Free DOS",1319000.0,(6),https://www.coupang.com/vp/products/1665002060?itemId=2141682374&vendorItemId=70140052921
"LG전자 2020 그램 2in1 노트북 14TD90N-VX70K (i7-10510U 35.5cm), NVMe 256GB, 8GB, Free DOS",1627470.0,(12),https://www.coupang.com/vp/products/1662931404?itemId=2141601145&vendorItemId=70139973745
"한성컴퓨터 게이밍 노트북 TFG276XSW (i7-10875H 43.94cm WIN10 Home RTX 2060), 포함, NVMe 500GB, 16GB",1679000.0,(3),https://www.coupang.com/vp/products/1702568576?itemId=2897462590&vendorItemId=70886450911
"레노버 노트북 Platinum Grey Flex 5 14IIL I5 W10(i5-1035G1 35.5cm WIN10 Home), 포함, 256GB SSD, 8GB",899000.0,(4),https://www.coupang.com/vp/products/1731612636?itemId=2947613208&vendorItemId=70936159500
"MSI 모던15 노트북 스페이스 그레이 A10M (264) (i5-10210U 39.624cm), 미포함, NVMe 256GB, 8GB",696000.0,(8),https://www.coupang.com/vp/products/1757728207?itemId=2993574233&vendorItemId=70981867177
"삼성전자 2020 갤럭시북 플렉스 NT950QCT-A58A 로얄블루 (i5-1035G4 39.6cm), NVMe 256GB, 8GB, WIN10 Home",1877000.0,(83),https://www.coupang.com/vp/products/1172080085?itemId=2150117401&vendorItemId=70148441890
"삼성전자 갤럭시북 플렉스 알파 노트북 NT750QCR-A58A-X16G (i5-10210U 39.6cm), 미포함, NVMe 256GB, 16GB",1667000.0,(9),https://www.coupang.com/vp/products/1909164487?itemId=3241702754&vendorItemId=71228893579
"LG전자 2020 그램15 노트북 (i7-1065G7 39.6cm), 8GB, SSD 256GB, WIN10 Home, 포함, 8GB",1799000.0,(35),https://www.coupang.com/vp/products/1176696379?itemId=2057719229&vendorItemId=70056993512
"Apple 2019년 맥북 프로 터치바 13, 스페이스 그레이, i5-2.4GHz quad-core, SSD 256GB, 16GB",2372530.0,(1169),https://www.coupang.com/vp/products/241092251?itemId=2532747646&vendorItemId=70525496886
"삼성전자 갤럭시북플렉스알파 노트북 머큐리그레이 NT750QCR-A38A (i3-10110U 39.6cm), 미포함, NVMe 512GB, 16GB",1399000.0,(7),https://www.coupang.com/vp/products/2000890608?itemId=3404801940&vendorItemId=71391412692
"Apple 2020 맥북 에어 13, Gold, 10세대 i3-1.1GHz dual-core, SSD 256GB, 16GB",1542300.0,(868),https://www.coupang.com/vp/products/1395425733?itemId=2478684912&vendorItemId=70472016706
"Apple 2019년 맥북 프로 16, 9세대 i7, 32GB, SSD 1TB, 실버, AMD Radeon Pro 5500M 8GB",4270000.0,(1504),https://www.coupang.com/vp/products/1066005124?itemId=3370176271&vendorItemId=71356892734
"LG전자 울트라기어 노트북 15U70N-PA76K (i7-10510U 39.6cm GTX 1050), NVMe 256GB, 8GB, WIN10 Home",1599000.0,(5),https://www.coupang.com/vp/products/1365024945?itemId=2396915678&vendorItemId=70391996656
"한성컴퓨터 아방가르드 노트북 TFG277XG (i7-10875H 43.94cm WIN미포함 RTX 2070), 미포함, NVMe 500GB, 16GB",1949000.0,(5),https://www.coupang.com/vp/products/1702568535?itemId=2897462516&vendorItemId=70886450780
"에이서 스위프트3 씬스틸러 노트북 퍼플 SF314-42-R5W7 (라이젠5-4500U 35.56cm Radeon), 미포함, NVMe 256GB, 8GB",699000.0,(10),https://www.coupang.com/vp/products/1731082876?itemId=2946691261&vendorItemId=70935285411
"Apple 2019년 맥북 프로 16, 9세대 i9, 32GB, SSD 1TB, 스페이스 그레이, AMD Radeon Pro 5500M 8GB",4635000.0,(1504),https://www.coupang.com/vp/products/1066005124?itemId=3370176297&vendorItemId=71356892810
"LG전자 그램17 노트북 17Z995-VA70K (i7-10510U 43.1cm), NVMe 256GB, 8GB, WIN10 Home",1818530.0,(6),https://www.coupang.com/vp/products/1403956536?itemId=2438897846&vendorItemId=70432702512
"레노버 노트북 Legion 5 15ARH ZEN PLUS PRO 2060 W10 (라이젠7-4800H 39.6cm WIN10 Pro RTX2060), 포함, NVMe 256GB, 8GB",1599000.0,(2),https://www.coupang.com/vp/products/2373326140?itemId=4133129510&vendorItemId=72117048188
"레이저 BLADE Pro 17 게이밍 노트북 9Gen R80 512 Lite (i7-9750H 43.94cm WIN10 Home RTX2080 Max-Q), 포함, NVMe 512GB, 16GB",2990000.0,(7),https://www.coupang.com/vp/products/2069223729?itemId=3515878868&vendorItemId=71502003232
"레노버 ThinkBook 15-IIL 20SMA00AKR 노트북 10세대 i3-1005G1 39.6cm WIN미포함, 미포함, NVMe 128GB, 4GB",523300.0,(3),https://www.coupang.com/vp/products/1690120223?itemId=2878219308&vendorItemId=70867353581
"Apple 2020년 맥북 프로 13, 10세대 i5, 32GB, SSD 1TB, 실버",3300000.0,(771),https://www.coupang.com/vp/products/1650206709?itemId=3370176583&vendorItemId=71356893204
"HP ENVY x360 15 노트북 파이크실버 15-ed0021TX (i7-10510U 39.6cm WIN10 Home MX330) + 충전식 MPP 2.0 틸트 펜, 포함, NVMe 512GB, 16GB",1655060.0,(3),https://www.coupang.com/vp/products/2129228954?itemId=3613782900&vendorItemId=71599416722
"LG전자 그램15 노트북 15Z990-VR56K (i5-8265U 39.6cm WIN10 Home), 포함, SSD 256GB, 8GB",1484790.0,(1),https://www.coupang.com/vp/products/2239121505?itemId=3824350897&vendorItemId=71809218740
"삼성전자 갤럭시북플렉스알파 노트북 머큐리그레이 NT750QCR-A78A (i7-10510U 39.6cm), 미포함, NVMe 256GB, 16GB",1768000.0,(11),https://www.coupang.com/vp/products/2000890646?itemId=3404801985&vendorItemId=71391412735
"HP 노트북 포세이돈블루 Spectre X360 13-aw0212TU (i5-1035G4 33.7cm WIN10 Home Iris Plus Graphics), 포함, SSD 256GB, 8GB",1549000.0,(2),https://www.coupang.com/vp/products/1270695750?itemId=2275263738&vendorItemId=70272443185
"마이크로소프트 서피스 랩탑 3 V4C-00040 (i5-1035G7 34.2cm WIN10 RAM 8GB SSD 256GB 인텔 Iris Plus Graphics 950), 매트블랙",1487700.0,(6),https://www.coupang.com/vp/products/344383859?itemId=1094020467&vendorItemId=5611975523
"에이수스 노트북 이클립스그레이 GA401IV-HA116T (라이젠9-4900HS 35.56cm Geforce RTX 2060), 포함, NVMe 1TB, 16GB",2274610.0,(2),https://www.coupang.com/vp/products/2046321180?itemId=3478863755&vendorItemId=71465172233
"아이뮤즈 스톰북 14 아폴로 (셀러론 N3350 35.8cm), 128GB, 4GB, WIN10 Home",397600.0,(45),https://www.coupang.com/vp/products/65092130?itemId=219963140&vendorItemId=3531339017
"Apple 2020년 맥북 프로 13, 10세대 i7, 32GB, SSD 512GB, 스페이스 그레이",3300000.0,(771),https://www.coupang.com/vp/products/1650206709?itemId=3370178002&vendorItemId=71356893767
"이그닉 바이북 프로 14 리프레시 노트북 IG-BYB14109(i5-10210U 35.56cm WIN 10), 포함, 256GB, 8GB",799000.0,(1),https://www.coupang.com/vp/products/2081822210?itemId=3536451037&vendorItemId=71522458547
"삼성 갤럭시북 플렉스 알파 NT750QCR-A78A, 32GB, SSD 1TB, 포함",2316000.0,(1),https://www.coupang.com/vp/products/1952016243?itemId=3315894070&vendorItemId=71302772508
"LG전자 울트라기어 노트북 15U70N-PR56K (i5-10210U 39.6cm GTX 1050) + HDMI 2.0 케이블 + 마우스 패드, NVMe 256GB, 8GB, WIN10 Home",1399000.0,(15),https://www.coupang.com/vp/products/1235200020?itemId=2229668895&vendorItemId=70227286677
"기가바이트 게이밍노트북 AORUS 5 SB i7 (i7-10750H 39.6cm GTX1660Ti), 미포함, NVMe 512GB + HDD 1TB, 16GB",1464410.0,(5),https://www.coupang.com/vp/products/1863274479?itemId=3167221536&vendorItemId=71154753608
"LG전자 2020 그램14 노트북 14Z90N-VA76K (i7-1065G7 35.5cm), NVMe 256GB, 8GB, WIN10 Home",1719000.0,(8),https://www.coupang.com/vp/products/1098821726?itemId=2057719253&vendorItemId=70056993552
"에이수스 크리에이터X 노트북 X571LI-BN011 (i7-10750H 39.6cm GTX 1650Ti), 미포함, NVMe 512GB, 16GB",1348750.0,(6),https://www.coupang.com/vp/products/1925740897?itemId=3269226854&vendorItemId=71256250031
"HP Spectre x360 Convertible 13 노트북 나이트폴블랙 aw0266TU (i7-1065G7 33.78cm WIN10 Home), 포함, NVMe 1TB, 16GB",2099000.0,(5),https://www.coupang.com/vp/products/1689957787?itemId=2877980457&vendorItemId=70867121478
"MSI 게이밍 노트북 GS75 Stealth 10SE (i7-10750H 43.942cm RTX 2060), 미포함, NVMe 512GB, 16GB",1949000.0,(9),https://www.coupang.com/vp/products/1762320203?itemId=3001550609&vendorItemId=70989797383
"한성컴퓨터 올데이롱 노트북 블랙 TFX255SW (i5-10210U 39.62cm WIN10 Home MX250), 포함, NVMe 500GB, 8GB",929000.0,(6),https://www.coupang.com/vp/products/1739431257?itemId=2961408376&vendorItemId=70949928988
"에이수스 ExpertBook P2 노트북 스타블랙 P2451FA-EK0010 (i3-10110U 35.56cm), 미포함, NVMe 256GB, 8GB",635140.0,(2),https://www.coupang.com/vp/products/2091183479?itemId=3552015996&vendorItemId=71537928183
"삼성전자 노트북 오디세이 NT850XCJ-XC716 Blade Black (i7-10750H 39.6cm Win10 Home GeForce RTX 2070 SUPER Max-Q), 포함, NVMe 512GB, 16GB",2998000.0,(6),https://www.coupang.com/vp/products/1980420543?itemId=3369522858&vendorItemId=71356241735
"삼성전자 갤럭시북 플렉스 노트북 NT930QCT-A38A 로얄 블루 (i3-1005G1 33.7cm) + 스마트 S펜, NVMe 256GB, 8GB, WIN10 Home",1677000.0,(36),https://www.coupang.com/vp/products/1130293306?itemId=2098045096&vendorItemId=70096929980
"제이디엘 노트북 HELIOS 15 Z (i7-8750H 39.6m GTX1060 6G), 240GB, 8GB, Free DOS",1092690.0,(8),https://www.coupang.com/vp/products/161372972?itemId=463530216&vendorItemId=4153421674
"델 노트북 XPS 15 9500-DX9500 1002KR (i7-10750H 39.6cm WIN10 Pro GTX 1650), 포함, NVMe 512GB, 16GB",2749000.0,(1),https://www.coupang.com/vp/products/1868271963?itemId=3175455828&vendorItemId=71162952264
"에이수스 ROG 스나이퍼 노트북 블랙 G732LXS-HG066T (i9-10980HK 43.94cm WIN10 Home RTX 2080 Super), 32GB, NVMe 1TB, 포함",3698990.0,(1),https://www.coupang.com/vp/products/1947275802?itemId=3306175275&vendorItemId=71400476362
"ASUS ROG 제피러스 듀오 게이밍 노트북 건메탈 그레이 GX550LWS-HF046R (i7-10875H 39.624cm WIN 10 PRO RTX 2070 SUPER), 포함, NVMe 1TB, 16GB",3799000.0,(1),https://www.coupang.com/vp/products/2006680757?itemId=3413883450&vendorItemId=71400467657
"HP 엘리트 드래곤플라이 노트북 9JT74PA (I7-8565U 33.7cm WIN10Pro Touch Pen), 포함, SSD 512GB, 16GB",1879000.0,(12),https://www.coupang.com/vp/products/1084839125?itemId=2038680526&vendorItemId=70038075203
"삼성전자 갤럭시북 플렉스 노트북 로얄블루 NT950QCG-X58A (i5-1035G4 39.6cm WIN10 Home MX250), 포함, NVMe 512GB, 8GB",1969000.0,(15),https://www.coupang.com/vp/products/2321452644?itemId=4009160618&vendorItemId=71993396503
"LG전자 울트라기어 노트북 15G890-SD76K (i7-9750H 39.6cm RTX 2060), NVMe 512GB, 8GB, WIN10 Home",2099000.0,(3),https://www.coupang.com/vp/products/1182600514?itemId=1095656197&vendorItemId=5615844818
"기가바이트 게이밍 노트북 AORUS 5 KB i7 (i7-10750H 39.6cm RTX2060), 미포함, NVMe 1TB, 16GB",1699000.0,(1),https://www.coupang.com/vp/products/2051951695?itemId=3488411221&vendorItemId=71474683597
"레노버 노트북 8th ThinkPad X1 CARBON-20U9000QKR (i5-10210U 35.5cm WIN10 Home), 포함, NVMe 256GB, 16GB",1779000.0,(2),https://www.coupang.com/vp/products/1731511290?itemId=2947449966&vendorItemId=70935997743
"HP 노트북 PAVILION GAMING 16-a0047tx (i5-10300H 40.9cm GTX 1650 Ti), 미포함, NVMe 512GB, 8GB",1015870.0,(1),https://www.coupang.com/vp/products/2140775339?itemId=3635640805&vendorItemId=71621187167
"삼성전자 갤럭시북 이온 노트북 NT930XCR-A38A 아우라 실버 (i3-10110U 33.7cm), NVMe 256GB, 8GB, WIN10 Home",1299000.0,(51),https://www.coupang.com/vp/products/1665590792?itemId=2098034649&vendorItemId=70096919785
"레이저 노트북 BLADE 15 Base 9Gen R60 512 RZ09-0300 (i7-9750H 39.62cm GeForce RTX2060), 512GB, 16GB, WIN10 Home",2890000.0,(10),https://www.coupang.com/vp/products/250847502?itemId=791978670&vendorItemId=5009774872
"한성컴퓨터 올데이롱 노트북 실버 TFX255SW (i5-10210U 39.49cm WIN10 MX250 2GB), 포함, SSD 500GB, 8GB",929000.0,(5),https://www.coupang.com/vp/products/1114134891?itemId=2078487714&vendorItemId=70077562962
"삼성전자 갤럭시북 S NT767XCL-KLTES Mercury Gray (LTE겸용 i5-L16G7 33.7cm Win10 Home), 포함, eUFS 512GB, 8GB",1349000.0,(13),https://www.coupang.com/vp/products/1796301074?itemId=3055967871&vendorItemId=71043963626
"델 XPS17 노트북 DX9700-WP03KR (i7-10750H 43.1cm WIN10 Pro GTX 1650Ti), 포함, NVMe 1TB, 16GB",3779000.0,(2),https://www.coupang.com/vp/products/1837164362?itemId=3123684953&vendorItemId=71111373823
"마이크로스프트 서피스고2 노트북 아이스블루 (Intel Core m3 26.6cm WIN10 Home S HD Graphics615 LTE), 포함, SSD 128GB, 8GB",1093420.0,(4),https://www.coupang.com/vp/products/1630863990?itemId=2781785670&vendorItemId=70771536888
"LG전자 2020 그램14 노트북 14ZD90N-VX5BK 다크 실버 (i5-1035G7 35.5cm), NVMe 256GB, 8GB, Free DOS",1409000.0,(15),https://www.coupang.com/vp/products/1662858314?itemId=2058171609&vendorItemId=70057439672
"HP 프로북 440 G7 9KZ10PA (i5-10210U 35.6cm WIN10Pro UHD Graphics 620), 포함, NVMe 256GB, 8GB",938860.0,(4),https://www.coupang.com/vp/products/1289062244?itemId=2299631953&vendorItemId=71264277933
"에이서 노트북 아스파이어5 A515-52G MX (i5-8265U 39.6cm SSD 128GB), 4GB, Free DOS, 블랙",699000.0,(12),https://www.coupang.com/vp/products/162822445?itemId=467613752&vendorItemId=4166129360
"LG전자 2020 그램 2in1 노트북 14T90N-VR30K (i3-10110U 35.5cm), NVMe 256GB, 8GB, WIN10 Home",1399000.0,(1),https://www.coupang.com/vp/products/1662913924?itemId=2141682280&vendorItemId=70140052830
"LG전자 울트라PC 17U790-GA76K (i7-8565U 43.1cm) + 무선마우스 + 키스킨 + 마우스 패드 + HDMI 케이블, NVMe 256GB, 8GB, WIN10 Home",1275500.0,(3),https://www.coupang.com/vp/products/1271209427?itemId=2275901994&vendorItemId=70273076522
"레노버 씽크패드 X1 카본 7세대 블랙 20R1S01E00 (10세대 i7-10510U 35.5cm WIN10 Intel UHD Graphics LTE-A), 포함, SSD 256GB, 16GB",2239000.0,(6),https://www.coupang.com/vp/products/1131055397?itemId=2098956090&vendorItemId=70097829635
"레노버 노트북 Black ThinkPad E15-20T8S03U00(라이젠7-4700U 39.6cm WIN10 Pro), 포함, NVMe 512GB, 16GB",1037710.0,(1),https://www.coupang.com/vp/products/2111987174?itemId=3587486914&vendorItemId=71573278059
"에이수스 ROG 제피러스 노트북 GX701LXS-HG032T (i7-10875H 39.62cm RTX 2080 Super), 포함, NVMe 1TB, 32GB",3956800.0,(1),https://www.coupang.com/vp/products/1916396106?itemId=3253697684&vendorItemId=71240769407
"HP 엘리트 드래곤플라이 HP 9JT80PA HSN-I32C (i3-8145U 33.7cm WIN10 뱅앤올룹슨 스피커 내장), 포함, 256GB, 8GB",1707590.0,(2),https://www.coupang.com/vp/products/1080427348?itemId=2032568113&vendorItemId=70032017045
"레노버 노트북 Legion 5-15ARH (라이젠7-4800H 39.6cm WIN10 Pro GTX 1650), 포함, NVMe 256GB, 8GB",1149000.0,(4),https://www.coupang.com/vp/products/1731139188?itemId=2946789428&vendorItemId=70935248896
"에이수스 크레이터X 노트북 X571LH-BN019 (i5-10300H 39.6cm GTX 1650), 미포함, NVMe 512GB, 8GB",999000.0,(4),https://www.coupang.com/vp/products/1786054433?itemId=3041108337&vendorItemId=71029166455
"기가바이트 초슬림 게이밍노트북 다크그레이 AORUS 17G XB i7 (i7-10875H 43.9cm RTX2070 SUPER MAX-Q), 미포함, NVMe 512GB, 16GB",2890000.0,(2),https://www.coupang.com/vp/products/1972000825?itemId=3354296370&vendorItemId=71341062119
"레노버 ThinkPad X13 노트북 17KR (라이젠5 Pro-4650U 33.78cm WIN10 Pro), 포함, NVMe 256GB, 16GB",1398990.0,(1),https://www.coupang.com/vp/products/1909798498?itemId=3242696679&vendorItemId=71229881254
"삼성전자 갤럭시북 S NT767XCL-KLTE Earth Gold (LTE겸용 i5-L16G7 33.7cm Win10 Home), 포함, eUFS 512GB, 8GB",1349000.0,(8),https://www.coupang.com/vp/products/1796301193?itemId=3055968087&vendorItemId=71043963814
"LG전자 울트라PC 노트북 화이트 15U50N-KA70K (i7-10510U 39.6cm WIN10 Home MX250), 포함, NVMe 256GB, 8GB",1318000.0,(2),https://www.coupang.com/vp/products/1911939855?itemId=3246054235&vendorItemId=71233146298
"레노버 ThinkPad A485 노트북 20MUS00700 (Ryzen5 PRO 2500U 36.5cm), 256GB, 8GB, WIN10 Pro",1500330.0,(1),https://www.coupang.com/vp/products/163853322?itemId=470146575&vendorItemId=4174179031
"에이서 NITRO5 게이밍노트북 AN515-52-71DG (i7-8750H 39.6cm GTX1060 6G), 256GB, 8GB, WIN10 Home",1336600.0,(2),https://www.coupang.com/vp/products/97891894?itemId=300514220&vendorItemId=3739565269
"델 노트북 플레티넘 실버 XPS15-9500-DX95001002KR (i7-10750H 39.6cm WIN10 Pro 1650 Ti), 포함, NVMe 1TB, 16GB",3069300.0,(1),https://www.coupang.com/vp/products/1909386731?itemId=3242077561&vendorItemId=71229266754
"삼성전자 2020 갤럭시북 플렉스 NT950QCG-X71SA (i7-1065G7 39.6cm MX250), NVMe 1TB, 16GB, WIN10 Home",2599000.0,(8),https://www.coupang.com/vp/products/1665581980?itemId=2472280392&vendorItemId=70298932323
"MSI 브라보15 노트북 A4DDR (라이젠7-4800H 39.6cm RX 5500M), 미포함, NVMe 256GB, 8GB",1049000.0,(5),https://www.coupang.com/vp/products/2035144210?itemId=3460705757&vendorItemId=71447073958
"삼성전자 갤럭시 북2 LTE SM-W737 128GB, 128GB_특가리퍼, 4GB, 포함",699000.0,(2),https://www.coupang.com/vp/products/1203875798?itemId=2189479767&vendorItemId=70187462535
"마이크로소프트 서피스북2 노트북 FVH-00028 (i7-8650U GeForce GTX 1060), 1TB, 16GB, WIN10 Pro, 혼합 색상",3989850.0,(4),https://www.coupang.com/vp/products/131235077?itemId=386281451&vendorItemId=3938845775
"레노버 ThinkPad 노트북 T14s 20T00000KR(i7-10510U 35.56cm WIN10 Pro), 포함, NVMe 256GB, 16GB",1599000.0,(2),https://www.coupang.com/vp/products/1880073520?itemId=3194812288&vendorItemId=71182233022
"마이크로소프트 서피스북 2 FUX-00020 (i7-8650U GeForce GTX1060), 512GB, 16GB, WIN10 Pro, 실버",3487900.0,(2),https://www.coupang.com/vp/products/130864588?itemId=385182611&vendorItemId=3935992992
"델 G3 15 3500 GAMING 노트북 DG3500-UB01KR (i5-10300H 39.6cm GTX 1650 Ti), 미포함, NVMe 256GB + HDD 1TB, 8GB",967440.0,(3),https://www.coupang.com/vp/products/1862432128?itemId=3165857462&vendorItemId=71153397144
"LG전자 2020 그램15 노트북 15Z90N-HA76K (i7-1065G7 39.6cm), NVMe 512GB, 8GB + 8GB, WIN10 Home",1997600.0,(23),https://www.coupang.com/vp/products/1098837656?itemId=2057719266&vendorItemId=70056993576
"LG전자 울트라PC 15UD40N-GX36K 라이젠3 인강용 저렴함 가성비 노트북, NVMe 256GB, 8GB, 미포함",719000.0,(3),https://www.coupang.com/vp/products/2075531868?itemId=3526371624&vendorItemId=71512438304
"LG전자 울트라기어 노트북 17UD70N-PX56K (i5-10210U 43.1cm GTX 1650) + 무선 마우스 + 마우스 패드, NVMe 256GB, 8GB, Free DOS",1530520.0,(4),https://www.coupang.com/vp/products/1406664043?itemId=2442277466&vendorItemId=70436041617
"LG전자 울트라PC 노트북 화이트 15U40N-GA76K (라이젠7-4700U 39.6cm WIN10 Home), 포함, NVMe 256GB, 8GB",1126740.0,(2),https://www.coupang.com/vp/products/2238663335?itemId=3823478795&vendorItemId=71808351483
"LG전자 그램14 스노우화이트 14Z90N-EB36K (i3-1005G1 35.5cm WIN10S), 포함, SSD 128GB, 4GB",1120820.0,(1),https://www.coupang.com/vp/products/2087443046?itemId=3545758921&vendorItemId=71531713441
"마이크로소프트 서피스 프로7 노트북 매트 블랙 PUV-00023 (10세대 i5-1035G4 31.2cm WIN10) 시그니처 플래티넘 타입커버 세트, 포함, SSD 256GB, 8GB",1799000.0,(1),https://www.coupang.com/vp/products/1114811205?itemId=2079445822&vendorItemId=70078509366
"에이수스 젠북14 노트북 아이시클실버 UX434FLC-A6427T (i5-10210U 35.56cm WIN10 Home MX 250), 포함, NVMe 512GB, 16GB",1195990.0,(2),https://www.coupang.com/vp/products/1717438269?itemId=2922967169&vendorItemId=70911520254
"MSI 노트북 GF75 Thin 9SCXR 271 (i7-9750H 43.942cm GTX1650), 미포함, NVMe 256GB, 8GB",1199000.0,(14),https://www.coupang.com/vp/products/1757728160?itemId=2993574142&vendorItemId=71351456308
"MSI 에볼루션 게이밍 노트북 GS66 Stealth 10SF (i7-10875H 39.624cm WIN10 Pro RTX2070), 포함, NVMe 512GB, 16GB",2499000.0,(3),https://www.coupang.com/vp/products/1761933694?itemId=3000884523&vendorItemId=70989134367
"기가바이트 노트북 AERO 15 OLED SB RP75 (i7-10875H 39.62cm GTX 1660 Ti), 미포함, NVMe 512GB, 16GB",2036720.0,(1),https://www.coupang.com/vp/products/2245402519?itemId=3837056010&vendorItemId=71821880268
"ASUS TUF 게이밍 FA506II-HN162, 32GB, SSD 1TB, 포함",1516000.0,(9),https://www.coupang.com/vp/products/1690202175?itemId=2878372765&vendorItemId=70867502313
"삼성전자 갤럭시북 이온 NT950XCJ-K78A (i7-10510U 39.6cm), 포함, NVMe 256GB + NVMe 256GB, 8GB",1968000.0,(138),https://www.coupang.com/vp/products/1137914312?itemId=2108233067&vendorItemId=70107045206
"삼성전자 오디세이 게이밍 노트북 블레이드 블랙 NT850XCJ-Y78A (i7-10750H 39.6cm WIN10 Home RTX 2060), 포함, NVMe 256GB, 8GB",2498000.0,(5),https://www.coupang.com/vp/products/1980669000?itemId=3369938892&vendorItemId=71356656030
"에이수스 엑스퍼트북 노트북 P1402FA-EB530 (i5-8265U 35.6cm WIN미포함), 미포함, SSD 256GB, 4GB",588200.0,(2),https://www.coupang.com/vp/products/1120251304?itemId=2086003207&vendorItemId=70085011763
"삼성전자 갤럭시북 플렉스알파 노트북 NT750QCJ-K78A (i7-10510U 39.6cm WIN10 Home), 포함, NVMe 512GB, 16GB",1999000.0,(14),https://www.coupang.com/vp/products/2000890614?itemId=3404801959&vendorItemId=71391412704
"타거스 고급 여성 뉴포트 노트북 백팩 TSB945GL, 블랙",115920.0,(18),https://www.coupang.com/vp/products/219599251?itemId=682270108&vendorItemId=4754255976
"레노버 씽크패드 모바일웍 노트북 P53-2M00 20QNS02M00(i7-9850H 39.6cm WIN10 Pro RAM 16GB SSD 512GB Quadro RTX3000 6GB), P53-2M00 20QNS02M00, Black",3449000.0,(1),https://www.coupang.com/vp/products/332967819?itemId=1063589690&vendorItemId=5544693590
"삼성전자 갤럭시북 플렉스 NT950QCT-A58SA 로얄실버 (i5-1035G4 39.6cm), NVMe 256GB, 8GB, WIN10 Home",1749000.0,(8),https://www.coupang.com/vp/products/1357503348?itemId=2388340912&vendorItemId=70383817081
"레노버 노트북 ThinkPad E590 20NB0042KR (i7-8565U 39.6cm RADEON RX550X 2G), 256GB, 8GB, WIN10 Home, BLACK",1277140.0,(2),https://www.coupang.com/vp/products/188252271?itemId=537643680&vendorItemId=4404039457
"레노버 Ideapad Slim3-14IIL 5W 노트북 플래티넘그레이 81WD002KKR (i5-1035G4 35.5cm WIN10 Home), 포함, NVMe 256GB, 4GB",699000.0,(4),https://www.coupang.com/vp/products/1716793153?itemId=2922008274&vendorItemId=70910682343
"삼성전자 갤럭시북 플렉스알파 노트북 NT750QCJ-K78A (i7-10510U 39.6cm WIN10 Home), 포함, NVMe 256GB, 16GB",1969000.0,(14),https://www.coupang.com/vp/products/2000890614?itemId=3404801961&vendorItemId=71391412718
"ASUS TUF 게이밍 A17 FA706II-H7023, 32GB, SSD 1TB, 포함",1696000.0,(2),https://www.coupang.com/vp/products/1574766976?itemId=2692727539&vendorItemId=70683167008
"삼성전자 2020 갤럭시북 플렉스 NT950QCT-A58A 로얄블루 (i5-1035G4 39.6cm), NVMe 512GB, 8GB, WIN10 Home",2028000.0,(83),https://www.coupang.com/vp/products/1172080085?itemId=2151486261&vendorItemId=70149788589
"레노버 요가 노트북 C740-14IML Vibe i7 (i7-10510U 39.6cm WIN10 360도 터치펜 Iron Grey), 포함, 512GB, 16GB",1199000.0,(10),https://www.coupang.com/vp/products/1074247734?itemId=2023678870&vendorItemId=70023313898
"MSI GF75 Thin 9SC-i7 파워팩 [게이밍마우스 증정], 16GB, SSD 256GB, WINDOW10PRO",1489000.0,(72),https://www.coupang.com/vp/products/1941722455?itemId=3296426402&vendorItemId=70010107762
"MSI GF75 Thin 9SC-i7 파워팩 [게이밍마우스 증정], 32GB, SSD 1TB, WINDOW10PRO",1679000.0,(72),https://www.coupang.com/vp/products/1941722455?itemId=3296426412&vendorItemId=70010107847
"MSI 노트북 GE75 Raider 8SF(8세대 i7-8750H 43.94cm WIN미포함 8GB 256GB SSD RTX2070), GE75 Raider 8SF, 혼합 색상",2546640.0,(4),https://www.coupang.com/vp/products/208318648?itemId=617847004&vendorItemId=4620921104
HP 파빌리온 게이밍 노트북 17-cd1019TX (i5-10300H 43.94cm WIN10 Home GTX1650Ti),1449000.0,(3),https://www.coupang.com/vp/products/2056902873?itemId=3496382387&vendorItemId=71482612531
