(주)쿠프마케팅,신입/경력 공개채용 (마케팅/운영/영업/광고/디자인/재무/자금),http://www.saramin.co.kr/zf_user/jobs/relay/view?view_type=list&rec_idx=39156943&t_ref=hot100&t_ref_content=SRI_050_TOP100_PAY_RCT
(학)연세대학교,연세대학교 정규직원(6급/8급) 채용,http://www.saramin.co.kr/zf_user/jobs/relay/view?view_type=list&rec_idx=39199852&t_ref=hot100&t_ref_content=job
일동홀딩스(주),2020년 하반기 일동제약그룹 사원모집,http://www.saramin.co.kr/zf_user/jobs/relay/view?view_type=list&rec_idx=39207883&t_ref=hot100&t_ref_content=job
애경화학(주),2020년도 하반기 애경화학 신입사원 공채,http://www.saramin.co.kr/zf_user/jobs/relay/view?view_type=list&rec_idx=39191165&t_ref=hot100&t_ref_content=job
쿠팡(주),"쿠팡맨 채용(월400가능/주5일/연차15일/신입,여성가능)",http://www.saramin.co.kr/zf_user/jobs/relay/view?view_type=list&rec_idx=39149805&t_ref=hot100&t_ref_content=job
이투스교육(주),2020 이투스교육 블라인드 공채,http://www.saramin.co.kr/zf_user/jobs/relay/view?view_type=list&rec_idx=39207040&t_ref=hot100&t_ref_content=job
(주)코리아디펜스인더스트리,(주)코리아디펜스인더스트리 공개채용,http://www.saramin.co.kr/zf_user/jobs/relay/view?view_type=list&rec_idx=39167658&t_ref=hot100&t_ref_content=job
동양생명보험(주),동양생명보험(주) 대졸 신입사원 채용공고,http://www.saramin.co.kr/zf_user/jobs/relay/view?view_type=list&rec_idx=39181806&t_ref=hot100&t_ref_content=job
건국대병원,[정규직] 2021년도 신입 사무직 채용,http://www.saramin.co.kr/zf_user/jobs/relay/view?view_type=list&rec_idx=39200910&t_ref=hot100&t_ref_content=job
쿠팡(주),Flex Assistant 모집 (물류 현장 보조/운영 지원),http://www.saramin.co.kr/zf_user/jobs/relay/view?view_type=list&rec_idx=39164504&t_ref=hot100&t_ref_content=job
(주)참존,2021년 (주)참존 신입 공개 채용,http://www.saramin.co.kr/zf_user/jobs/relay/view?view_type=list&rec_idx=39166596&t_ref=hot100&t_ref_content=job
